,MMS ID,Barcode,title,Author,Call Number,Permanent Location,Material Type,Process type,Description,Orders,Requests,Modification Date,Due Date
0,9922033313606241,33082012289335,Red Sister,Lawrence Mark,F,Recreational Reading,Book,Lost,,,,08-Nov-20,16-Sep
1,9917370583606241,33082011802245,"Ways of making and knowing : the material culture of empirical knowledge / edited by Pamela H. Smith, Amy R. W. Meyers, and Harold J. Cook.",Smith Pamela H,AZ101 .W39 2014,Books,Book,Lost,,,,08-Nov-20,16-Sep
2,9926511723606241,33082012599170,Guide to programming for the digital humanities : lessons for introductory Python / Brian Kokensparger.,Kokensparger Brian,AZ105 .K65 2018,Books,Book,Lost,,,,07-Dec-20,12-Nov
3,998992313606241,33082010138906,The meaning of the body : aesthetics of human understanding / Mark Johnson.,Johnson Mark,B105.M4 J65 2007,Books,Book,Lost,,,,03-Jan-21,14-Dec
4,9913214683606241,33082011103818,Yoga in practice / edited by David Gordon White.,White David Gordon,B132.Y6 Y534 2011,Books,Book,Lost,,,,03-Jan-21,14-Dec
5,998483803606241,33082009480889,A life worth living : contributions to positive psychology / edited by Mihaly Csikszentmihalyi and Isabella Selega Csikszentmihalyi.,Csikszentmihalyi Mihaly,BF204.6 .L54 2006,Books,Book,Lost,,,,08-Nov-20,16-Sep
6,998635113606241,33082009900084,"Oxford handbook of methods in positive psychology / edited by Anthony D. Ong, Manfred H.M. van Dulmen.",Ong Anthony D,BF204.6 .O94 2007,Books,Book,Lost,,,,08-Nov-20,16-Sep
7,9921174443606241,33082012324017,A primer in positive psychology / Christopher Peterson.,Peterson Christopher,BF204.6 .P48 2006,Books,Book,Lost,,,,08-Nov-20,16-Sep
8,998668883606241,33082009917005,A field guide to getting lost / Rebecca Solnit.,Solnit Rebecca,BF575.D35 S65 2006,Books,Book,Lost,,,,03-Jan-21,14-Dec
9,99716933606241,33082007265324,Intimacy / edited by Lauren Berlant.,erlant Lauren Gail,BF575.I5 I57 2000,Books,Book,Lost,,,,22-Nov-20,01-Oct
10,9921295263606241,33082012405667,Red : The History of a Color / Michel Pastoureau ; translated by Jody Gladding.,Pastoureau Michel,BF789.C7 P39813 2016,Books,Book,Lost,,,,03-Jan-21,14-Dec
11,996731393606241,33082008078882,"Biblical and pagan societies : witchcraft and magic in Europe / Frederick H. Cryer, Marie-Louise Thomsen ; edited by Bengt Ankarloo and Stuart Clark.",Cryer Frederick H,BF1567 .C79 2001,Books,Book,Lost,,,,21-Dec-20,07-Sep
12,997594503606241,33082008681917,Beauty : the invisible embrace / John O'Donohue.,O'Donohue John,BH301.P78 O36 2004,Books,Book,Lost,,,,08-Nov-20,16-Sep
13,9926950763606241,33082012602453,"Ethics in a crowded world : globalisation, human movement and professional ethics / edited by Vandra Harris, RMIT University, Australia.",Harris Vandra,BJ1012 .E89447 2019,Books,Book,Lost,,,,22-Nov-20,01-Oct
14,9911688343606241,33082010887080,Freedom and belief / Galen Strawson.,Strawson Galen,BJ1461 .S77 2010,Books,Book,Lost,,,,13-Dec-20,23-Nov
15,9921084893606241,33082011100723,Refiguring the body : embodiment in South Asian religions / edited by Barbara A. Holdrege and Karen Pechilis.,Holdrege Barbara A,BL65.B63 R44 2016,Books,Book,Lost,,,,03-Jan-21,14-Dec
16,993076723606241,33082001332807,"Adonis, Attis, Osiris; studies in the history of Oriental religion.",Frazer James George,BL310 .F75 1962,Books,Book,Lost,,,,22-Nov-20,01-Oct
17,99249903606241,33082007112609,"Daughters of the goddess : studies of healing, identity, and empowerment / Wendy Griffin, editor.",Griffin Wendy,BL625.7 .D37 2000,Books,Book,Lost,,,,03-Jan-21,14-Dec
18,998722703606241,33082009925651,Encompassing a fractal world : the energetic female core in myth and everyday life--a few lessons drawn from the Nepalese Himalaya / Gil Daryn.,Daryn Gil,BL1156.8.T53 D37 2006,Books,Book,Lost,,,,03-Jan-21,14-Dec
19,9915591963606241,33082011680088,When the world becomes female : guises of a South Indian goddess / Joyce Burkhalter Flueckiger.,Flueckiger Joyce Burkhalter,BL1225.G362 F58 2013,Books,Book,Lost,,,,03-Jan-21,14-Dec
20,998155193606241,33082009006148,Bringing the gods to mind : mantra and ritual in early Indian sacrifice / Laurie L. Patton.,Patton Laurie L,BL1226.2 .P44 2005,Books,Book,Lost,,,,03-Jan-21,14-Dec
21,992374573606241,33082007425522,"Tantra in practice / David Gordon White, editor.",White David Gordon,BL1283.84 .T36 2000,Books,Book,Lost,,,,03-Jan-21,14-Dec
22,994652033606241,33082006634678,Living Zen. Pref. by Christmas Humphreys. Foreword by R. Godel. Translated by Diana Abrahams-Curiel.,Linssen Robert,BL1442.Z4 L53 1960,Books,Book,Lost,,,,08-Nov-20,16-Sep
23,995132573606241,33082006869928,The cult of Pure Crystal Mountain : popular pilgrimage and visionary landscape in southeast Tibet / Toni Huber.,Huber Toni,BL1945.T5 H83 1999,Books,Book,Lost,,,,03-Jan-21,14-Dec
24,999758973606241,33082010086600,The origins of yoga and tantra : Indic religions to the thirteenth century / Geoffrey Samuel.,Samuel Geoffrey,BL2005 .S26 2008,Books,Book,Lost,,,,03-Jan-21,14-Dec
25,9910187033606241,33082010351467,"The iconic female : goddesses of India, Nepal and Tibet / edited by Jayant Bhalchandra Bapat and Ian Mabbett.",apat Jayant Bhalchandra  : Monash University Press c,BL2015.G6 I26 2008,Books,Book,Lost,,,,03-Jan-21,14-Dec
26,998748443606241,33082009935593,Retheorizing religion in Nepal / Gregory Price Grieve.,Grieve Gregory P,BL2034.3.B53 G75 2006,Books,Book,Lost,,,,03-Jan-21,14-Dec
27,9991103606241,33082000527514,The treasures of darkness : a history of Mesopotamian religion / Thorkild Jacobsen.,Jacobsen Thorkild,BL2350.I7 J3,Books,Book,Lost,,,,03-Jan-21,14-Dec
28,998463783606241,33082009478628,"The quest for the shaman : shape-shifters, sorcerers, and spirit-healers of ancient Europe / Miranda & Stephen Aldhouse-Green.",Aldhouse-Green Miranda J,BL2370.S5 A43 2005,Books,Book,Lost,,,,03-Jan-21,14-Dec
29,997684013606241,33082008830704,Freethinkers : a history of American secularism / Susan Jacoby.,Jacoby Susan,BL2760 .J33 2004,Books,Book,Lost,,,,21-Dec-20,21-Oct
30,9917667123606241,33082011909875,The Dead Sea scrolls [sound recording] / Gary A. Rendsburg.,Rendsburg Gary,BM487 .R389 2010b,Books,Sound Recording,Lost,,,,21-Aug-20,30-Jun
31,998669233606241,33082009906818,The misunderstood Jew : the Church and the scandal of the Jewish Jesus / Amy-Jill Levine.,Levine Amy-Jill,BM535 .L393 2006,Books,Book,Lost,,,,21-Nov-20,01-Oct
32,9927065793606241,33082012607528,Judaism and Jesus / by Zev Garber and Kenneth Hanson.,Garber Zev,BM620 .G37 2020,Books,Book,Lost,,,,22-Nov-20,01-Oct
33,997561803606241,33082008673955,A fundamental fear : Eurocentrism and the emergence of Islamism / S. Sayyid.,Sayyid Bobby S,BP163 .S358 2003,Books,Book,Lost,,,,21-Dec-20,13-Jan
34,999031123606241,33082010158342,When a woman becomes a religious dynasty : the Samding Dorje Phagmo of Tibet / Hildegard Diemberger.,Diemberger Hildegard,BQ946.O756 D54 2007,Books,Book,Lost,,,,03-Jan-21,14-Dec
35,998167813606241,33082009009225,Dreaming the Great Brahmin : Tibetan traditions of the Buddhist poet-saint Saraha / Kurtis R. Schaeffer.,Schaeffer Kurtis R,BQ984.A66993 S35 2005,Books,Book,Lost,,,,03-Jan-21,14-Dec
36,997591033606241,33082008682394,"Courtesans and tantric consorts : sexualities in Buddhist narrative, iconography, and ritual / Serinity Young.",Young Serinity,BQ1133.W6 Y68 2004,Books,Book,Lost,,,,03-Jan-21,14-Dec
37,991680583606241,33082000958966,"The lotus of the wonderful law; or, The lotus gospel, Saddharma pundarika sutra, Miao-fa lien hua ching, by W. E. Soothill ...",Soothill William Edward,BQ2052.E5 S66 1930,Books,Book,Lost,,,,11-Dec-20,16-Sep
38,998834023606241,33082010104247,Virtuous bodies : the physical dimensions of morality in Buddhist ethics / Susanne Mrozik.,rozik Susanne,BQ3247 .M76 2007,Books,Book,Lost,,,,03-Jan-21,14-Dec
39,996379593606241,33082007560385,The anthropology of Buddhism and Hinduism : Weberian themes / David N. Gellner.,Gellner David N,BQ3982 .G45 2001,Books,Book,Lost,,,,03-Jan-21,14-Dec
40,999369893606241,33082010038213,Travels in the netherworld : Buddhist popular narratives of death and the afterlife in Tibet / Bryan J. Cuevas.,Cuevas Bryan J,BQ4487 .C84 2008,Books,Book,Lost,,,,03-Jan-21,14-Dec
41,997333553606241,33082008247669,The hidden history of the Tibetan book of the dead / Bryan J. Cuevas.,Cuevas Bryan J,BQ4490.K373 C83 2003,Books,Book,Lost,,,,03-Jan-21,14-Dec
42,998996993606241,33082010171725,Symphony in stone : festivities in early Buddhism / Garima Kaushik.,Kaushik Garima,BQ4570.A72 K38 2007,Books,Book,Lost,,,,03-Jan-21,14-Dec
43,9910325383606241,33082010379799,"A bull of a man : images of masculinity, sex, and the body in Indian Buddhism / John Powers.",Powers John,BQ4570.M365 P68 2009,Books,Book,Lost,,,,03-Jan-21,14-Dec
44,9910677243606241,33082010745536,Buddhist warfare / edited by Michael Jerryson and Mark Juergensmeyer.,Jerryson Michael K,BQ4570.W3 B83 2010,Books,Book,Lost,,,,27-Dec-20,07-Dec
45,997659053606241,33082008693912,Being a Buddhist nun : the struggle for enlightenment in the Himalayas / Kim Gutschow.,Gutschow Kim,BQ6160.I42 J365 2004,Books,Book,Lost,,,,03-Jan-21,14-Dec
46,997308483606241,33082008219569,Buddhist phenomenology : a philosophical investigation of Yogācāra Buddhism and the Chʾeng Wei-shih lun / Dan Lusthaus.,Lusthaus Dan,BQ7496 .L87 2002,Books,Book,Lost,,,,03-Jan-21,14-Dec
47,997308953606241,33082008229097,"Identity, ritual and state in Tibetan Buddhism : the foundations of authority in Gelukpa monasticism / Martin A. Mills.",lls Martin A,BQ7576 .M558 2003,Books,Book,Lost,,,,03-Jan-21,14-Dec
48,999105113606241,33082010026846,"Tantric Buddhism and altered states of consciousness : Durkheim, emotional energy and visions of the consort  / Louise Child.",Child Louise,BQ8915.8 .C55 2007,Books,Book,Lost,,,,03-Jan-21,14-Dec
49,9926853153606241,33082012601398,"Luther as heretic : ten Catholic responses to Martin Luther, 1518-1541 / edited by M. Patrick Graham and David Bagchi.",Graham M Patrick,BR329 .L9513 2019,Books,Book,Lost,,,,22-Nov-20,01-Oct
50,9913558573606241,33082011116687,The faiths of the postwar presidents : from Truman to Obama / David L. Holmes ; introduction by Martin E. Marty.,Holmes David L,BR516 .H63 2012,Books,Book,Lost,,,,21-Dec-20,25-Aug
51,998267353606241,33082009338251,There is no crime for those who have Christ : religious violence in the Christian Roman Empire / Michael Gaddis.,Gaddis Michael,BR1604.23 .G33 2005,Books,Book,Lost,,,,08-Nov-20,16-Sep
52,992849993606241,33082005294854,"The Interpreter's Bible: the Holy Scriptures in the King James and Revised standard versions with general articles and introduction, exegesis, exposition for each book of the Bible. [Editorial board: George Arthur Buttrick, commentary editor, and others]",ttrick George Arthur,BS491 .I65,Books,Book,Lost,v. 7,,,03-Jan-21,14-Dec
53,9953693606241,33082003193702,"Matthew; introduction, translation, and notes by W. F. Albright and C. S. Mann.",Albright William Foxwell,BS491.2 .A5x vol. 26,Books,Book,Lost,,,,03-Jan-21,14-Dec
54,995403733606241,33082005872865,"The New Interpreter's Bible : general articles & introduction, commentary, & reflections for each book of the Bible, including the Apocryphal/Deuterocanonical books.",Abingdon Press,BS491.2 .N484 1994,Books,Book,Lost,v. 8,,,03-Jan-21,14-Dec
55,9926951983606241,33082012606561,"Linguistic coherence in biblical Hebrew texts : arrangement of information, participant reference devices, verb forms, and their contribution to textual segmentation and coherence / Lénart J. de Regt.",Regt L J de,BS1136 .R44 2019,Books,Book,Lost,,,,21-Nov-20,01-Oct
56,995307073606241,33082005839922,Engaging the powers : discernment and resistance in a world of domination / Walter Wink.,Wink Walter,BS2545.P66 W56 1992,Books,Book,Lost,,,,03-Jan-21,14-Dec
57,994344723606241,33082006557739,"Can God be trusted? : faith and the challenge of evil / John G. Stackhouse, Jr.",Stackhouse John G,BT160 .S82 1998,Books,Book,Lost,,,,21-Aug-20,30-Jun
58,9921038963606241,33082012367958,Eco-reformation : grace and hope for a planet in peril / edited by Lisa E. Dahill & James B. Martin-Schramm ; foreword by Bill McKibben.,Dahill Lisa E,BT695.5 .E2626 2016,Books,Book,Lost,,,,23-Jun-20,28-Apr
59,994478823606241,33082001940765,War and Christian ethics / edited by Arthur F. Holmes.,Holmes Arthur F,BT736.2 .W34,Books,Book,Lost,,,,27-Dec-20,07-Dec
60,999043913606241,33082010162336,"A complex delight : the secularization of the breast, 1350-1750 / Margaret R. Miles.",les Margaret R,BT741.3 .M55 2008,Books,Book,Lost,,,,03-Jan-21,14-Dec
61,9918005833606241,33082011973699,Epiphanius of Cyprus : imagining an orthodox world / Young Richard Kim.,Kim Young Richard,BX395.E65 K56 2015,Books,Book,Lost,,,,21-Nov-20,01-Oct
62,996389663606241,33082007990806,"Mad for God : Bartolomé Sánchez, the secret Messiah of Cardenete / Sara Tilghman Nalle.",Nalle Sara Tilghman,BX1735 .N35 2001,Books,Book,Lost,,,,08-Nov-20,16-Sep
63,99935573606241,33082004590047,"Zen and the art of motorcycle maintenance: an inquiry into values, by Robert M. Pirsig.",Pirsig Robert M,CT275.P648 A3 1974,Books,Book,Lost,,,,20-Dec-20,30-Nov
64,9912082433606241,33082011035549,Into the wild / Jon Krakauer.,Krakauer Jon,CT9971.M35 K73 1998,Books,Book,Lost,,,,21-Dec-20,02-Jan
65,995557393606241,33082005961908,Karl Lamprecht : a German academic life (1856-1915) / Roger Chickering.,Chickering Roger,D15.L3 C45 1993,Books,Book,Lost,,,,21-Nov-20,01-Oct
66,999064583606241,33082010026838,The 'Templar of Tyre' : Part III of the 'Deeds of the Cypriots' / [edtied by] Paul Crawford.,Crawford Paul,D177 .C4713 2003,Books,Book,Lost,,,,08-Nov-20,16-Sep
67,993371983606241,33082001450492,Great battles of World War II / John Macdonald ; foreword by Sir John Hackett.,acdonald John,D743 .M16 1986,Oversize Books,Book,Lost,,,,03-Jan-21,14-Dec
68,993876783606241,33082001651669,"The Battle of Normandy, the Falaise Gap / James Lucas and James Barker.",Lucas James,D756.5.F34 L8 1978,Books,Book,Lost,,,,02-Dec-20,13-Oct
69,996539993606241,33082007507642,Night / Elie Wiesel ; translated from the French by Stella Rodway ; foreword by Franc̦ois Mauriac ; preface for the twenty-fifth anniversary edition by Robert McAfee Brown.,Wiesel Elie,D810.J4 W513 1986,Books,Book,Lost,,,,08-Nov-20,16-Sep
70,997137153606241,33082008121914,A nation transformed : England after the Restoration / edited by Alan Houston and Steve Pincus.,Houston Alan Craig,DA435 .N37 2001,Books,Book,Lost,,,,21-Dec-20,14-Sep
71,997955513606241,33082008850975,Allen Brown's English castles / R. Allen Brown.,rown R Allen,DA660 .B85 2004,Books,Book,Lost,,,,22-Nov-20,01-Oct
72,997677643606241,33082008831603,"The Jacobite movement in Scotland and in exile, 1746-1759 / Doron Zimmermann.",Zimmermann Doron,DA813 .Z56 2003,Books,Book,Lost,,,,21-Nov-20,01-Oct
73,9915425623606241,33082011119160,Writing the Revolution : a French woman's history in letters / Lindsay A.H. Parker.,Parker Lindsay A H,DC146.J77 P37 2013,Books,Book,Lost,,,,08-Nov-20,16-Sep
74,9912211653606241,33082011034658,Monsters of the Gevaudan : the making of a beast / Jay M. Smith.,Smith Jay M,DC611.G4 S64 2011,Books,Book,Lost,,,,08-Nov-20,16-Sep
75,999415043606241,33082010050713,"The Great War and urban life in Germany : Freiburg, 1914-1918 / Roger Chickering.",Chickering Roger,DD901.F87 C45 2007,Books,Book,Lost,,,,21-Nov-20,01-Oct
76,994869373606241,33082005476584,The Greeks : a portrait of self and others / Paul Cartledge.,Cartledge Paul,DF78 .C28 1993,Books,Book,Lost,,,,21-Dec-20,18-Sep
77,993940743606241,33082001683563,"Venice : the hinge of Europe, 1081-1797 / William H. McNeill.",NcNeill William Hardy,DG675.6 .M23,Books,Book,Lost,,,,21-Dec-20,16-May
78,994833903606241,33082002115151,Venice : the rise to empire / by John Julius Norwich.,Norwich John Julius,DG677 .N6x,Books,Book,Lost,,,,21-Dec-20,16-May
79,992889813606241,33082001267854,"The birth of the propaganda state : Soviet methods of mass mobilization, 1917-1929 / Peter Kenez.",Kenez Peter,DK266.3 .K43 1985,Books,Book,Lost,,,,21-Dec-20,14-Jan
80,991583053606241,33082003743274,"Behind the Urals, an American worker in Russia's city of steel.",Scott John,DK781.M3 S35,Books,Book,Lost,,,,08-Nov-20,16-Sep
81,994873643606241,33082011484739,Orientalism / Edward W. Said.,Said Edward W,DS12 .S24 1978,Books,Book,Lost,,,,21-Dec-20,13-Jan
82,995550933606241,33082007109712,Orientalism / Ziauddin Sardar.,Sardar Ziauddin,DS12 .S28 1999,Books,Book,Lost,,,,21-Dec-20,13-Jan
83,9927093883606241,33082012604533,"After ISIS : America, Iran and the struggle for the Middle East / Seth J. Frantzman.",Frantzman Seth J,DS39.3 .F73 2019,Books,Book,Lost,,,,22-Nov-20,01-Oct
84,993549493606241,33082005041560,"The kingdom of Cyprus and the Crusades, 1191-1374 / Peter W. Edbury.",Edbury P W,DS54.6 .E33 1991,Books,Book,Lost,,,,08-Nov-20,16-Sep
85,99877583606241,33082000761485,American-Arab relations from Wilson to Nixon / by Faiz S. Abu-Jaber.,Abu-Jaber Faiz S,DS63.2.U5 A3x,Books,Book,Lost,,,,21-Dec-20,13-Jan
86,998332013606241,33082009356493,The Persian Empire / Lindsay Allen.,Allen Lindsay,DS281 .A58 2005,Books,Book,Lost,,,,08-Nov-20,16-Sep
87,995042083606241,33082006896970,Flexible citizenship : the cultural logics of transnationality / Aihwa Ong.,Ong Aihwa,DS732 .O54 1999,Books,Book,Lost,,,,08-Nov-20,16-Sep
88,995211403606241,33082010323862,The search for modern China / Jonathan D. Spence.,Spence Jonathan D,DS754 .S65 1999,Books,Book,Lost,,,,08-Nov-20,16-Sep
89,997551683606241,33082008659590,A modern history of Hong Kong / Steve Tsang.,Tsang Steve Yui-Sang,DS796.H757 T737 2004,Books,Book,Lost,,,,08-Nov-20,16-Sep
90,99955913606241,33082006193220,"Egypt, the Aegean and the Levant : interconnections in the second millenium BC / edited by W. Vivian Davies and Louise Schofield.",Davies W V,DT61 .E33 1995,Oversize Books,Book,Lost,,,,22-Nov-20,01-Oct
91,9924617093606241,33082012535430,When women ruled the world : six queens of Egypt / Kara Cooney.,Cooney Kara,DT83 .C66 2018,Books,Book,Lost,,,,08-Nov-20,16-Sep
92,997079103606241,33082008145442,Introduction to ethnic studies : a reader / [edited by] Philip Q. Yang.,Yang Philip Q,E184.A1 I68 1999,Books,Book,Lost,,,,31-Dec-20,11-Dec
93,9916528063606241,33082011755906,"Repositioning race : prophetic research in a postracial Obama age / edited by Sandra L. Barnes, Zandria F. Robinson, Earl Wright II.",arnes Sandra L,E184.A1 R446 2014,Books,Book,Lost,,,,21-Dec-20,24-Oct
94,9928122450306241,33082012573498,"Asian Americans / writers, S. Leo Chiang, Victoria Chalk, Aldo Velasco, Grace Lee, Alex Keipper.",Visual material By Chiang S Leo,E184.A75 A75 2020,DVDs,DVD,Lost,,1.0,,22-Oct-20,01-Sep
95,9911281533606241,33082010889607,The trouble with unity : Latino politics and the creation of identity / Cristina Beltrán.,eltrán Cristina,E184.S75 B45 2010,Books,Book,Lost,,,,21-Dec-20,24-Oct
96,997077263606241,33082008102039,Freedom dreams : the Black radical imagination / Robin D.G. Kelley.,Kelley Robin D G,E185 .K39 2002,Books,Book,Lost,,,,06-Dec-20,19-Oct
97,9920638853606241,33082012366711,Stamped from the beginning : the definitive history of racist ideas in America / Ibram X. Kendi.,Kendi Ibram X,E185.61 .K358 2016,Books,Book,Lost,,,,08-Nov-20,16-Sep
98,9923966003606241,33082012432554,I'm still here : black dignity in a world made for whiteness / Austin Channing Brown.,rown Austin Channing,E185.615 .B7335 2018,Books,Book,Lost,,,,03-Jan-21,14-Dec
99,9924279833606241,33082012471768,Waking up white : and finding myself in the story of race / Debby Irving.,Irving Debby,E185.615 .I778 2014,Books,Book,Lost,,,,03-Jan-21,14-Dec
100,9913207473606241,33082011124707,The myth of post-racial America : searching for equality in the age of materialism / H. Roy Kaplan.,Kaplan H Roy,E185.615 .K276 2011,Books,Book,Lost,,,,03-Jan-21,14-Dec
101,9917327073606241,33082011796140,"Pageants, parlors, & pretty women : race and beauty in the twentieth-century South / Blain Roberts.",Roberts Blain,E185.615 .R522 2014,Books,Book,Lost,,,,23-Jun-20,16-Sep
102,9924014183606241,33082012348420,Why are all the black kids sitting together in the cafeteria? : and other conversations about race / Beverly Daniel Tatum.,Tatum Beverly Daniel,E185.625 .T38 2017,Books,Book,Lost,,,,03-Jan-21,14-Dec
103,9922613473606241,33082012474986,Chocolate City : a history of race and democracy in the nation's capital / Chris Myers Asch & George Derek Musgrove.,Asch Chris Myers,E185.93.D6 A78 2017,Books,Book,Lost,,,,08-Nov-20,16-Sep
104,9921727303606241,33082012387923,"The road to Jim Crow : the African American struggle on Maryland's Eastern Shore, 1860-1915 / C. Christopher Brown.",rown C Christopher,E185.93.M2 B86 2016,Books,Book,Lost,,,,22-Nov-20,01-Oct
105,9926330733606241,33082012591938,"A Brotherhood of Liberty : black Reconstruction and its legacies in Baltimore, 1865-1920 / Dennis Patrick Halpin.",Halpin Dennis Patrick,E185.93.M2 H35 2019,Books,Book,Lost,,,,21-Nov-20,01-Oct
106,995641183606241,33082003166559,Manchild in the promised land.,rown Claude,E185.97.B86 A3,Books,Book,Lost,,,,08-Nov-20,16-Sep
107,9922094193606241,33082012422753,"Dream and legacy : Dr. Martin Luther King in the post-civil rights era / edited by Michael L. Clemons, Donathan L. Brown, William H. L. Dorsey.",Clemons Michael L,E185.97.K5 D73 2017,Books,Book,Lost,,,,21-Dec-20,13-Sep
108,994547023606241,33082001972610,A People numerous and armed : reflections on the military struggle for American independence / John Shy.,Shy John W,E230 .S5,Books,Book,Lost,,,,21-Dec-20,01-Dec
109,997911163606241,33082008865320,A proper sense of honor : service and sacrifice in George Washington's army / Caroline Cox.,Cox Caroline,E259 .C695 2004,Books,Book,Lost,,,,21-Dec-20,01-Dec
110,9995923606241,33082000529056,"A revolutionary people at war : the Continental Army and American character, 1775-1783 / by Charles Royster.",Royster Charles,E259 .R69,Books,Book,Lost,,,,21-Dec-20,01-Dec
111,993332753606241,33082004566435,Papers. Edited by William T. Hutchinson and William M.E. Rachal. Editorial staff: Jean Schneider [and others],adison James,E302 .M187,Books,Book,Lost,v.15,,,05-Oct-20,31-Aug
112,9915695343606241,33082011616181,"The War of 1812 [videorecording] / a film by Lawrence Hott and Diane Garey ; written by Ken Chowder ; a production of WNED-TV, Buffalo/Toronto and Florentine Films/Hott Productions, Inc., in association with WETA Washington, D.C.",Visual material By Hott Lawrence R,E354 .W372 2011,DVDs,Other,Lost,,,,06-Dec-20,05-Nov
113,9922508243606241,33082012475009,Civil War memories : contesting the past in the United States since 1865 / Robert J. Cook.,Cook Robert J,E468.9 .C559 2017,Books,Book,Lost,,,,07-Nov-20,16-Sep
114,991959163606241,33082001019230,The old Christian right : the Protestant far right from the Great Depression to the cold war / Leo P. Ribuffo.,Ribuffo Leo P,E806 .R47 1983,Books,Book,Lost,,,,03-Jan-21,14-Dec
115,991848083606241,33082003828505,"The Philadelphia Negro; a social study. Together with a special report on domestic service, by Isabel Eaton.",Du Bois W E B,F158.9.N3 D8 1967,Books,Book,Lost,,,,28-Oct-20,07-Sep
116,994881903606241,33082006695125,The confessions of Edward Isham : a poor White life of the Old South / edited by Charles C. Bolton and Scott P. Culclasure ; introduction by J. William Harris.,Isham Edward,F213 .I85 1998,Books,Book,Lost,,,,21-Dec-20,18-May
117,9922657873606241,33082012446828,What you are getting wrong about Appalachia / Elizabeth Catte.,Catte Elizabeth,F217.A65 C37 2018,Books,Book,Lost,,,,07-Dec-20,12-Nov
118,991738453606241,33082003792388,Old Richmond neighborhoods / Mary Wingfield Scott.,Scott Mary Wingfield,F234.R5 S29,Books,Book,Lost,,,,08-Nov-20,16-Sep
119,9910566683606241,33082010769601,Nonesuch place : a history of the Richmond landscape / T. Tyler Potterfield ; foreword by Sarah Shields Driggs.,Potterfield T Tyler,F234.R54 P68 2009,Books,Book,Lost,,,1.0,08-Nov-20,16-Sep
120,997578023606241,33082008690843,"Race, class and power in the building of Richmond, 1870-1920 / Steven J. Hoffman.",Hoffman Steven J,F234.R557 H64 2004,Books,Book,Lost,,,,08-Nov-20,16-Sep
121,995041543606241,33082005622963,"At the falls : Richmond, Virginia and its people / Marie Tyler-McGraw.",Tyler-McGraw Marie,F234.R557 T94 1994,Books,Book,Lost,,,,03-Jan-21,14-Dec
122,994570493606241,33082001986420,Roanoke : a pictorial history / by Carolyn Hale Bruce. ; designed by Randolph Bruce.,ruce Carolyn Hale,F234.R6 B73,Books,Book,Lost,,,,03-Jan-21,14-Dec
123,997093403606241,33082008097239,"Managing white supremacy : race, politics, and citizenship in Jim Crow Virginia / J. Douglas Smith.",Smith J Douglas,F235.A1 S65 2002,Books,Book,Lost,,,,07-Nov-20,16-Sep
124,9926922563606241,33082012570114,Fencing in democracy : necrocitizenship and the US-Mexico border wall / Miguel Díaz-Barriga and Margaret E. Dorsey.,Díaz-Barriga Miguel,F787 .D539 2020,Books,Book,Lost,,,1.0,21-Nov-20,01-Oct
125,993705163606241,33082006365364,How to lie with maps / Mark Monmonier.,onmonier Mark S,G108.7 .M66 1996,Books,Book,Lost,,,,08-Nov-20,16-Sep
126,994574353606241,33082006553712,"Kinship, networks, and exchange / edited by Thomas Schweizer, Douglas R. White.",Schweizer Thomas,GN487 .K54 1998,Books,Book,Lost,,,,08-Nov-20,16-Sep
127,996442613606241,33082007560690,"African rock art : paintings and engravings on stone / David Coulson, Alec Campbell.",Coulson David,GN861 .C68 2001,Oversize Books,Book,Lost,,,,03-Jan-21,14-Dec
128,995396073606241,33082007043192,Women who run with the wolves : myths and stories of the wild woman archetype / Clarissa Pinkola Estes.,Estés Clarissa Pinkola,GR470 .E88 1992,Books,Book,Lost,,,,08-Nov-20,16-Sep
129,993559373606241,33082006279003,"Costume since 1945 : couture, street style, and anti-fashion / Deirdre Clancy.",Clancy Steer Deirdre,GT596 .C53 1996,Books,Book,Lost,,,,07-Nov-20,16-Sep
130,9913327943606241,33082011078192,"Fashion since 1900 / Valerie Mendes, Amy de la Haye.",endes Valerie D,GT596 .M45 2010,Books,Book,Lost,,,,07-Nov-20,16-Sep
131,998581653606241,33082009511246,The complete fashion sourcebook / John Peacock.,Peacock John,GT596 .P385 2005,Books,Book,Lost,,,,08-Nov-20,16-Sep
132,998824063606241,33082010105434,Twentieth century dress in the United States / Jane Farrell-Beck and Jean Parsons.,Farrell-Beck Jane,GT615 .F35 2007,Books,Book,Lost,,,,07-Nov-20,16-Sep
133,9910328083606241,33082010380672,Fashionable clothing from the Sears catalogs : early 1960s with price guide / Tina Skinner.,Skinner Tina,GT615 .S575 2002,Books,Book,Lost,,,,08-Nov-20,16-Sep
134,9915779953606241,33082011686747,"The rise of American high school sports and the search for control, 1880-1930 / Robert Pruter.",Pruter Robert,GV346 .P785 2013,Books,Book,Lost,,,,21-Aug-20,30-Jun
135,9912367133606241,33082011028361,A level playing field : African American athletes and the republic of sports / Gerald L. Early.,Early Gerald Lyn,GV583 .E26 2011,Books,Book,Lost,,,,21-Aug-20,30-Jun
136,993340833606241,33082001437002,Government and sport : the public policy issues / edited by Arthur T. Johnson and James H. Frey.,Johnson Arthur T,GV583 .G676 1985,Books,Book,Lost,,,,21-Aug-20,30-Jun
137,998058173606241,33082008978438,"The sport psych handbook / Shane Murphy, editor.",rphy Shane M,GV706.4 .S667 2005,Books,Book,Lost,,,,06-Dec-20,05-Nov
138,999751523606241,33082010079076,Football and philosophy : going deep / edited by Michael W. Austin ; with a foreword by Joe Posnanski.,Austin Michael W,GV959 .F55 2008,Books,Book,Lost,,,,21-Dec-20,31-Oct
139,994101663606241,33082005164628,"The New York Road Runners Club complete book of running / by Fred Lebow, Gloria Averbuch, and friends.",Lebow Fred,GV1061 .N43 1992,Books,Book,Lost,,,,06-Dec-20,05-Nov
140,993010733606241,33082004796859,Shipbuilders of the Venetian arsenal : workers and workplace in the preindustrial city / Robert C. Davis.,Davis Robert C,H31 .J6 ser. 109 no. 1,Books,Book,Lost,,,,21-Dec-20,16-May
141,9922037313606241,33082012384755,"Social theory now / edited by Claudio E. Benzecry, Monika Krause, and Isaac Ariail Reed.",enzecry Claudio E,H61 .S77524 2017,Books,Book,Lost,,,,22-Nov-20,01-Oct
142,9915789823606241,33082011698262,"Introduction to mediation, moderation, and conditional process analysis : a regression-based approach / Andrew F. Hayes.",Hayes Andrew F,HA31.3 .H39 2013,Books,Book,Lost,,,,22-Nov-20,01-Oct
143,998742643606241,33082009929927,"Games of strategy / Avinash Dixit, Susan Skeath.",Dixit Avinash K,HB144 .D59 2004,Books,Book,Lost,,,,08-Nov-20,16-Sep
144,9916728613606241,33082011766135,"Africa's development in historical perspective / edited by Emmanuel Akyeampong (Harvard University), Robert H. Bates (Harvard University), Nathan Nunn (Harvard University), James A. Robinson (Harvard University).",Akyeampong Emmanuel Kwaku,HC800 .A57255 2014,Books,Book,Lost,,,,21-Nov-20,01-Oct
145,9910587163606241,33082010327186,Dead aid : why aid is not working and how there is a better way for Africa / Dambisa Moyo.,oyo Dambisa,HC800 .M69 2009,Books,Book,Lost,,,,08-Nov-20,16-Sep
146,999593333606241,33082010256484,"Future savvy : identifying trends to make better decisions, manage uncertainty, and profit from change / Adam Gordon.",Gordon Adam,HD30.27 .G67 2009,Books,Book,Lost,,,,22-Nov-20,01-Oct
147,9914763863606241,33082011563250,"Leading change / John P. Kotter, with a new preface by the author.",Kotter John P,HD58.8 .K65 2012,Books,Book,Lost,,,,08-Nov-20,16-Sep
148,9916781483606241,33082011778767,"Zero to one : notes on startups, or how to build the future / Peter Thiel with Blake Masters.",Thiel Peter A,HD62.5 .T525 2014,Books,Book,Lost,,,,08-Nov-20,16-Sep
149,9911994383606241,33082011070918,Shop class as soulcraft : an inquiry into the value of work / Matthew B. Crawford.,Crawford Matthew B,HD4824 .C73 2010,Books,Book,Lost,,,,08-Nov-20,16-Sep
150,998768263606241,33082009947317,"The cigarette century : the rise, fall, and deadly persistence of the product that defined America / Allan M. Brandt.",randt Allan M,HD9130.8.U5 B72 2007,Books,Book,Lost,,,,21-Dec-20,01-Dec
151,9924751003606241,33082012541024,"Raise your game : high-performance secrets from the best of the best / Alan Stein Jr., with Jon Sternfeld ; foreword by Jay Bilas.",Stein Alan,HF5386 .S8559 2019,Books,Book,Lost,,,,23-Jun-20,17-Dec
152,9924412003606241,33082012526264,"Corporate ethics for turbulent markets : the market context of executive decisions / by Fr. Oswald A.J. Mascarenhas, S.J.",ascarenhas Oswald A J,HF5387 .M38 2018,Books,Book,Lost,,,,22-Nov-20,01-Oct
153,992444683606241,33082001140028,"Marketing management and strategy : a reader / edited by Philip Kotler, Keith K. Cox.",Kotler Philip,HF5415.13 .M3524 1984,Books,Book,Lost,,,,21-Dec-20,16-Jun
154,991278773606241,33082000868777,Strategic marketing and the product life cycle / by Frederick D. Wiersema.,Wiersema Frederik D  : Marketing Science Institute c,HF5415.155 .W53,Books,Book,Lost,,,,22-Nov-20,01-Oct
155,9917371103606241,33082011801254,Money : master the game : 7 simple steps to financial freedom / Tony Robbins.,Robbins Anthony,HG179 .R5455 2014,Books,Book,Lost,,,,22-Nov-20,01-Oct
156,999064833606241,33082010147212,Finding the next Starbucks : how to identify and invest in the hot stocks of tomorrow / Michael Moe.,oe Michael,HG4910 .M64 2006,Books,Book,Lost,,,,08-Nov-20,16-Sep
157,9915548223606241,33082011499562,The coming bond market collapse : how to survive the demise of the U.S. debt market / Michael G. Pento.,Pento Michael G,HG4910 .P426 2013,Books,Book,Lost,,,,08-Nov-20,16-Sep
158,996723403606241,33082008081449,Modernity and self-identity : self and society in the late modern age / Anthony Giddens.,Giddens Anthony,HM131 .G398 1991,Books,Book,Lost,,,,21-Nov-20,01-Oct
159,9913219583606241,33082011074829,"Bodies, sex and desire from the Renaissance to the present / edited by Kate Fisher and Sarah Toulalan.",Fisher Kate,HM636 .B565 2011,Books,Book,Lost,,,,23-Jun-20,12-Feb
160,9910553723606241,33082010754207,Agency and embodiment : performing gestures/producing culture / Carrie Noland.,Noland Carrie,HM636 .N65 2009,Books,Book,Lost,,,,03-Jan-21,14-Dec
161,9915927753606241,33082011701702,"Writing on the wall : social media, the first two thousand years / Tom Standage.",Standage Tom,HM741 .S72 2013,Books,Book,Lost,,,,22-Nov-20,01-Oct
162,9910470093606241,33082010755097,Mapping Decline St. Louis and the Fate of the American City.,Univ of Pennsylvania Pr,HN80.S2 G67 2009,Books,Book,Lost,,,,08-Nov-20,16-Sep
163,9923979653606241,33082012433388,"Nobody : casualties of America's war on the vulnerable, from Ferguson to Flint and beyond / Marc Lamont Hill.",Hill Marc Lamont,HN90.S62 H55 2016,Books,Book,Lost,,,,22-Nov-20,01-Oct
164,992641513606241,33082001198596,Western sexuality / edited by Philippe Aries and Andre Bejin ; translated by Anthony Forster.,Ariès Philippe,HQ12 .S4413 1985,Books,Book,Lost,,,,11-Dec-20,16-Nov
165,997693143606241,33082008839192,Sexualities in history : a reader / edited by Kim M. Phillips and Barry Reay.,Phillips Kim M,HQ12 .S46 2002,Books,Book,Lost,,,,11-Dec-20,16-Nov
166,998663853606241,33082009905448,Sexual morality in ancient Rome / Rebecca Langlands.,Langlands Rebecca,HQ13 .L36 2006,Books,Book,Lost,,,,11-Dec-20,16-Nov
167,9922761163606241,33082012448162,Controlling desires : sexuality in ancient Greece and Rome / Kirk Ormand.,Ormand Kirk,HQ13 .O76 2017,Books,Book,Lost,,,,11-Dec-20,16-Nov
168,992525643606241,33082001163277,Sexual practices & the medieval church / Vern L. Bullough & James Brundage.,llough Vern L,HQ14 .B84 1982,Books,Book,Lost,,,,11-Dec-20,16-Nov
169,9914180853606241,33082011538542,Depression : a public feeling / Ann Cvetkovich.,Cvetkovich Ann,HQ75.15 C86 2012,Books,Book,Lost,,,,28-Oct-20,07-Sep
170,9922187903606241,33082012421961,"Queer Maghrebi French : language, temporalities, transfiliations / Denis M. Provencher.",Provencher Denis M,HQ75.7 .P76 2017,Books,Book,Lost,,,,22-Nov-20,01-Oct
171,991413413606241,33082003689972,Homosexuality and the Western Christian tradition / by Derrick Sherwin Bailey.,ailey Derrick Sherwin,HQ76 .B3 1975,Books,Book,Lost,,,,11-Dec-20,16-Nov
172,995057843606241,33082009870188,Greek homosexuality / K.J. Dover.,Dover K J,HQ76.3.G8 D68 1989,Books,Book,Lost,,,,11-Dec-20,16-Nov
173,997259673606241,33082008232414,Homosexuality in Greece and Rome : a sourcebook of basic documents / edited by Thomas K. Hubbard.,Hubbard Thomas K,HQ76.3.G8 H66 2003,Books,Book,Lost,,,,11-Dec-20,16-Nov
174,99335403606241,33082007118960,"Imposing decency : the politics of sexuality and race in Puerto Rico, 1870-1920 / Eileen J. Suarez Findlay.",Findlay Eileen,HQ164.A5 F56 1999,Books,Book,Lost,,,,21-Dec-20,24-Oct
175,994745473606241,33082007189045,The Kama sutra of Vatsyayana : the classic Hindu treatise on love and social conduct / translated by Sir Richard F. Burton ; foreword by Santha Rama Rau ; introduction by John W. Spellman.,Vātsyāyana,HQ470.S3 V313 1991,Books,Book,Lost,,,,08-Nov-20,16-Sep
176,995525653606241,33082005875157,Family secrets : what you don't know can hurt you / John Bradshaw.,radshaw John,HQ518 .B73 1995,Books,Book,Lost,,,,03-Jan-21,14-Dec
177,992241753606241,33082001083780,Abortion and the politics of motherhood / Kristin Luker.,Luker Kristin,HQ767.5.U5 L84 1984,Books,Book,Lost,,,,08-Nov-20,16-Sep
178,998147543606241,33082009004424,Giovanni and Lusanna : love and marriage in Renaissance Florence : with a new preface / Gene Brucker.,rucker Gene A,HQ806 .B78 2005,Books,Book,Lost,,,,08-Nov-20,16-Sep
179,992154153606241,33082001062925,Medieval women / edited by Derek Baker ; dedicated and presented to Professor Rosalind M. T. Hill on the occasion of her seventieth birthday.,aker Derek,HQ1143 .M43,Books,Book,Lost,,,,21-Dec-20,08-Sep
180,9920526703606241,33082012374731,"Intersectionality : origins, contestations, horizons / Anna Carastathis.",Carastathis Anna,HQ1190 .C374 2016,Books,Book,Lost,,,,21-Dec-20,18-Feb
181,9923040013606241,33082012487285,"Feminist ethnography : thinking through methodologies, challenges, and possibilities / Dána-Ain Davis & Christa Craven.",Davis Dána-Ain,HQ1190 .D385 2016,Books,Book,Lost,,,,22-Nov-20,01-Oct
182,9912326113606241,33082010838695,Half the sky : turning oppression into opportunity for women worldwide / Nicholas D. Kristof and Sheryl WuDunn.,Kristof Nicholas D,HQ1236.5.D44 K75 2009,Books,Book,Lost,,,,07-Nov-20,16-Sep
183,999341483606241,33082010026119,"Wives, mothers, and the Red menace : conservative women and the crusade against communism / Mary C. Brennan.",rennan Mary C,HQ1236.5.U6 B76 2008,Books,Book,Lost,,,,03-Jan-21,14-Dec
184,998996733606241,33082010136686,Revolutionary Backlash : Women and politics in the early American Republic/ Rosemarie Zagarri,Zagarri Rosemarie,HQ1418 .Z34 2007,Books,Book,Lost,,,,14-Dec-20,24-Nov
185,9916666743606241,33082011765954,Bad feminist : essays / Roxane Gay.,Gay Roxane,HQ1421 .G39 2014,Books,Book,Lost,,,,20-Dec-20,30-Nov
186,997635143606241,33082008753435,Right-wing women / Andrea Dworkin.,Dworkin Andrea,HQ1426 .D898 1983,Books,Book,Lost,,,,03-Jan-21,14-Dec
187,9912078503606241,33082011006235,The power of gender & the gender of power : explorations in early Indian history / Kumkum Roy.,Roy Kumkum,HQ1742 .R69 2010,Books,Book,Lost,,,,03-Jan-21,14-Dec
188,99658293606241,33082006085624,Women of the far right : the mothers' movement and World War II / Glen Jeansonne.,Jeansonne Glen,HQ1904 .J43 1996,Books,Book,Lost,,,,03-Jan-21,14-Dec
189,99520013606241,33082007434862,Hooded Americanism : the history of the Ku Klux Klan / David M. Chalmers.,Chalmers David Mark,HS2330.K63 C5 1987,Books,Book,Lost,,,,07-Nov-20,16-Sep
190,998027813606241,33082009330019,"Root shock : how tearing up city neighborhoods hurts America, and what we can do about it / Mindy Thompson Fullilove.",Fullilove Mindy Thompson,HT123 .F79 2005,Books,Book,Lost,,,,08-Nov-20,16-Sep
191,99192693606241,33082003247482,Garden cities of to-morrow. Edited with a pref. by F. J. Osborn. With an introductory essay by Lewis Mumford.,Howard Ebenezer,HT161 .H6 1965,Books,Book,Lost,,,,20-Nov-20,30-Sep
192,997042263606241,33082008089053,Cities of tomorrow : an intellectual history of urban planning and design in the twentieth century / Peter Hall.,Hall Peter,HT166 .H349 2002,Books,Book,Lost,,,,20-Nov-20,30-Sep
193,995983323606241,33082012296959,The death and life of great American cities / Jane Jacobs ; with a new foreword by the author.,Jacobs Jane,HT167 .J33 1993,Books,Book,Lost,,,,07-Dec-20,12-Nov
194,993579413606241,33082006314602,"Urban planning and the African American community : in the shadows / June Manning Thomas, Marsha Ritzdorf, editors.",Thomas June Manning,HT167 .U7277 1997,Books,Book,Lost,,,,08-Nov-20,16-Sep
195,996411603606241,33082007558090,Redevelopment and race : planning a finer city in postwar Detroit / June Manning Thomas.,Thomas June Manning,HT177.D4 T56 1997,Books,Book,Lost,,,,08-Nov-20,16-Sep
196,994156713606241,33082006482094,The racial contract / Charles W. Mills.,lls Charles W,HT1523 .M56 1997,Books,Book,Lost,,,,21-Dec-20,25-Sep
197,997268333606241,33082008221961,"The hanging of Ephraim Wheeler : a story of rape, incest, and justice in early America / Irene Quenzler Brown, Richard D. Brown.",rown Irene Quenzler,HV6565.M4 B76 2003,Books,Book,Lost,,,,08-Nov-20,16-Sep
198,994779493606241,33082004836846,Discipline and punish : the birth of the prison / Michel Foucault ; translated from the French by Alan Sheridan.,Foucault Michel,HV8666 .F6813,Books,Book,Lost,,,,05-Oct-20,20-Nov
199,9921054023606241,33082012369673,College in prison : reading in an age of mass incarceration / Daniel Karpowitz.,Karpowitz Daniel,HV8888.3.U62 N75 2017,Books,Book,Lost,,,,08-Nov-20,16-Sep
200,9922487893606241,33082012413018,Inside private prisons : an American dilemma in the age of mass incarceration / Lauren-Brooke Eisen.,Eisen Lauren-Brooke,HV9469 .E57 2018,Books,Book,Lost,,,,08-Nov-20,16-Sep
201,998444083606241,33082009468439,Private prisons in America : a critical race perspective / Michael A. Hallett.,Hallett Michael A,HV9469 .H256 2006,Books,Book,Lost,,,,08-Nov-20,16-Sep
202,997910823606241,33082008864372,"Measuring prison performance : government privatization and accountability / Gerald G. Gaes, ... [et al.].",Gaes Gerald G,HV9469 .M43 2004,Books,Book,Lost,,,,08-Nov-20,16-Sep
203,994006083606241,33082005157507,"Private prisons and the public interest / Douglas C. McDonald, editor.",Donald Douglas,HV9469 .P75 1990,Books,Book,Lost,,,,08-Nov-20,16-Sep
204,994288623606241,33082005250468,"Privatizing correctional institutions / edited by Gary W. Bowman, Simon Hakim, Paul Seidenstat ; with a foreword by Warren Burger.",wman Gary W,HV9469 .P76 1993,Books,Book,Lost,,,,08-Nov-20,16-Sep
205,9910682293606241,33082010767191,"Punishment for sale : private prisons, big business, and the incarceration binge / Donna Selman and Paul Leighton.",Selman Donna,HV9469 .S45 2010,Books,Book,Lost,,,,08-Nov-20,16-Sep
206,995559773606241,33082005700538,Punishment for profit : private prisons/public concerns / David Shichor ; foreword by Gilbert Geis.,Shichor David,HV9469 .S55 1995,Books,Book,Lost,,,,08-Nov-20,16-Sep
207,997400543606241,33082008302621,"The red network : a ""who's who"" and handbook of radicalism for patriots / by Elizabeth Dilling (Mrs. Albert W. Dilling).",Dilling Elizabeth Kirkpatrick,HX83 .D5 1935,Books,Book,Lost,,,,03-Jan-21,14-Dec
208,99724703606241,33082000718261,"The story of the political philosophers, by George Catlin...",Catlin George Edward Gordon,JA81 .C3,Books,Book,Lost,,,,22-Nov-20,01-Oct
209,998771553606241,33082009947937,Neoliberalism as exception : mutations in citizenship and sovereignty / Aihwa Ong.,Ong Aihwa,JC327 .O54 2006,Books,Book,Lost,,,,21-Dec-20,27-Jan
210,995148733606241,33082006869688,The myth of liberal individualism / Colin Bird.,rd Colin,JC571 .B547 1999,Books,Book,Lost,,,,21-Dec-20,05-Jul
211,9921008283606241,33082012366448,Human rights or global capitalism : the limits of privatization / Manfred Nowak.,Nowak Manfred,JC571 .N67 2017,Books,Book,Lost,,,,08-Nov-20,16-Sep
212,9926394783606241,33082012592167,"The great broadening : how the vast expansion of the policy-making agenda transformed American politics / Bryan D. Jones, Sean M. Theriault, Michelle C. Whyman.",Jones Bryan D,JK325 .J654 2019,Books,Book,Lost,,,,08-Nov-20,16-Sep
213,9922158883606241,33082012408653,The Trump phenomenon : how the politics of populism won in 2016 / by Peter Kivisto (Augustana College and St. Petersburg State University).,Kivisto Peter,JK526 2016 .K58 2017,Books,Book,Lost,,,,08-Nov-20,16-Sep
214,99686923606241,33082003445409,The amateur Democrat; club politics in three cities.,Wilson James Q,JK2317 1962 .W5,Books,Book,Lost,,,,21-Aug-20,30-Jun
215,9920643483606241,33082012362561,Duress : imperial durabilities in our times / Ann Laura Stoler.,Stoler Ann Laura,JV151 .S75 2016,Books,Book,Lost,,,,21-Nov-20,01-Oct
216,9910846253606241,33082010920592,Migra! : a history of the U.S. Border Patrol / Kelly Lytle Hernâandez.,Hernandez Kelly Lytle,JV6483 .H45 2010,Books,Book,Lost,,,,07-Nov-20,16-Sep
217,9921532033606241,33082012392063,In the name of women's rights : the rise of femonationalism / Sara R. Farris.,Farris Sara R,JV7590 .F368 2017,Books,Book,Lost,,,,21-Nov-20,01-Oct
218,998854153606241,33082010109105,The political economy of grand strategy / Kevin Narizny.,Narizny Kevin,JZ1480 .N38 2007,Books,Book,Lost,,,,22-Nov-20,01-Oct
219,998269823606241,33082009340950,"Faculty priorities reconsidered : rewarding multiple forms of scholarship / KerryAnn O'Meara, R. Eugene Rice ; foreword by Russell Edgerton.",O'Meara KerryAnn,LA227.3 .O43 2005,Books,Book,Lost,,,,08-Nov-20,16-Sep
220,9925796783606241,33082012520176,"Democracy, civic engagement, and citizenship in higher education : reclaiming our civic purpose / edited by William V. Flores and Katrina Rogers.",Flores William Vincent,LA227.4 .D425 2019,Books,Book,Lost,,,,24-Aug-20,03-Jul
221,996095873606241,33082008164971,"Classroom instruction that works : research-based strategies for increasing student achievement / Robert J. Marzano, Debra J. Pickering, Jane E. Pollock.",arzano Robert J,LB1025.3 .M339 2001,Books,Book,Lost,,,,21-Dec-20,09-Dec
222,9910770313606241,33082010906450,Instructional rounds in education : a network approach to improving teaching and learning / Elizabeth A. City ... [et al.].,City Elizabeth A,LB1032 .I493 2009,Books,Book,Lost,,,,21-Nov-20,01-Oct
223,9923798263606241,33082012427133,"The new campus anti-rape movement : internet activism and social justice / Caroline Heldman, Alissa R. Ackerman, Ian Breckenridge-Jackson.",Heldman Caroline,LB3610 .H45 2018,Books,Book,Lost,,,,22-Nov-20,01-Oct
224,9913538333606241,33082011056438,College student retention : formula for student success / [edited by] Alan Seidman.,Seidman Alan,LC148.2 .C65 2012,Books,Book,Lost,,,,08-Nov-20,16-Sep
225,9910930653606241,33082010887981,"The first-generation student experience : implications for campus practice, and strategies for improving persistence and success / Jeff Davis.",Davis Jeff,LC148.2 .D38 2010,Books,Book,Lost,,,,08-Nov-20,16-Sep
226,9910588623606241,33082010769197,First in my family : a profile of first-generation college students at four-year institutions since 1971 / Victor B. Saenz ... [ et. al.] ; foreword by William E. Hamm & Michelle D. Gilliard.,Saenz Victor B,LC148.2 .F57 2007,Books,Book,Lost,,,,08-Nov-20,16-Sep
227,9927309973606241,33082012615596,"The structure of schooling : readings in the sociology of education / Richard Arum, New York University, Irenee R. Beattie, University of California, Merced, Karly Ford, Pennsylvania State University.",Arum Richard,LC189 .S87 2021,Books,Book,Lost,,,1.0,13-Dec-20,23-Nov
228,998773633606241,33082009944033,"Right to be hostile : schools, prisons, and the making of public enemies / Erica R. Meiners.",einers Erica R,LC196 .M435 2007,Books,Book,Lost,,,,24-Aug-20,03-Jul
229,998227543606241,33082009331702,"Challenging racism in higher education : promoting justice / Mark Chesler, Amanda Lewis, and James Crowfoot.",Chesler Mark A,LC212.42 .C54 2005,Books,Book,Lost,,,,22-Nov-20,01-Oct
230,9920284543606241,33082011997318,Blackballed : the black and white politics of race on America's campuses / Lawrence Ross.,Ross Lawrence C,LC212.42 .R67 2016,Books,Book,Lost,,,,12-Nov-20,22-Sep
231,999413143606241,33082010048477,"The trouble with Black boys : and other reflections on race, equity, and the future of public education / Pedro A. Noguera.",Noguera Pedro,LC213.2 .N64 2008,Books,Book,Lost,,,,21-Nov-20,01-Oct
232,998953163606241,33082010116423,Place-based education in the global age : local diversity / author/editor(s) David A. Gruenewald and Gregory Alan Smith.,Greenwood David,LC239 .P527 2007,Books,Book,Lost,,,,06-Sep-20,15-Jul
233,9918117793606241,33082011928420,Writing suburban citizenship : place-conscious education and the conundrum of suburbia / edited by Robert E. Brooke.,rooke Robert,LC239 .W75 2015,Books,Book,Lost,,,,06-Sep-20,15-Jul
234,998506373606241,33082009492389,Three cups of tea : one man's mission to fight terrorism and build nations-- one school at a time / Greg Mortenson and David Oliver Relin.,ortenson Greg,LC2330 .M67 2006,Books,Book,Lost,,,,08-Nov-20,16-Sep
235,998786183606241,33082009950063,Passing the torch : does higher education for the disadvantaged pay off across the generations? / Paul Attewell and David E. Lavin ; in collaboration with Thurston Domina and Tania Levey.,Attewell Paul A,LC4069.6 .A87 2007,Books,Book,Lost,,,,08-Nov-20,16-Sep
236,9923780643606241,33082012468624,"Clearing the path for first generation college students : qualitative and intersectional studies of educational mobility / edited by Ashley C. Rondini, Bedelia Nicola Richards, and Nicolas P. Simon ; afterword by Jenny Stuber.",Rondini Ashley C,LC4069.6 .C65 2018,Books,Book,Lost,,,,08-Nov-20,16-Sep
237,9926394743606241,33082012591862,"First-generation college student research studies / [edited by] Terence Hicks, Douglas M. Butler, Mondrail Myrick.",Hicks Terence,LC4069.6 .F57 2019,Books,Book,Lost,,,,08-Nov-20,16-Sep
238,9911866783606241,33082011047981,"Higher education and first-generation students : cultivating community, voice, and place for the new majority / Rashné Rustom Jehangir.",Jehangir Rashné Rustom,LC4069.6 .J44 2010,Books,Book,Lost,,,,08-Nov-20,16-Sep
239,99956053606241,33082006160617,"Sexuality in ancient art : Near East, Egypt, Greece, and Italy / edited by Natalie Boymel Kampen with Bettina Bergmann ... [et. al.].",Kampen Natalie,N5333 .S425 1996,Oversize Books,Book,Lost,,,,03-Jan-21,14-Dec
240,9918276033606241,33082011932778,On art and mindfulness : notes from the Anderson ranch / Enrique Martinez Celaya.,artínez Celaya Enrique,N6537.M393 O5 2015,Oversize Books,Book,Lost,,,,22-Dec-20,02-Dec
241,998123703606241,33082008992488,"Nature, the end of art : environmental landscapes / Alan Sonfist ; introductory interview with the artist, Robert Rosenblum ; essays, Wolfgang Becker ... [et al.].",Sonfist Alan,N6537.S64 A4 2004,Oversize Books,Book,Lost,,,,03-Jan-21,14-Dec
242,998251823606241,33082009357392,"Double consciousness : Black conceptual art since 1970 / Terry Adkins ... [et al.] ; essays by Valerie Cassel Oliver, Franklin Sirmans.",Adkins Terry,N6538.N5 D588 2005,Oversize Books,Book,Lost,,,,03-Jan-21,14-Dec
243,9926394003606241,33082012316237,Turner and the sublime / Andrew Wilton.,Wilton Andrew,N6797.T88 A4 1981,Oversize Books,Book,Lost,,,,03-Jan-21,14-Dec
244,996404763606241,33082007993909,"Visualizing the nation : gender, representation, and revolution in eighteenth-century France / Joan B. Landes.",Landes Joan B,N6846 .L344 2001,Oversize Books,Book,Lost,,,,08-Nov-20,16-Sep
245,9911688143606241,33082010911328,Contemporary Chinese art : primary documents / edited by Wu Hung with the assistance of Peggy Wang.,Wu Hung,N7345 .C666 2010,Oversize Books,Book,Lost,,,,22-Nov-20,01-Oct
246,9911796783606241,33082011038238,The art of loving Krishna : ornamentation and devotion / Cynthia Packert.,Packert Cynthia,N8195.3.K7 P33 2010,Oversize Books,Book,Lost,,,,03-Jan-21,14-Dec
247,992776323606241,33082001234250,Aerial perception : the earth as seen from aircraft and spacecraft and its influence on contemporary art / Margret Dreikausen.,Dreikausen Margret,N8213 .D73 1985,Oversize Books,Book,Lost,,,,03-Jan-21,14-Dec
248,9910536203606241,33082010322112,The map as art : contemporary artists explore cartography / Katharine Harmon ; with essays by Gayle Clemans.,Harmon Katharine A,N8222.M375 H37 2009,Oversize Books,Book,Lost,,,,03-Jan-21,14-Dec
249,999755683606241,33082010086451,"Built by Blacks : African American architecture and neighborhoods in Richmond / Selden Richardson ; editor and photographer, Maurice Duke.",Richardson Selden,NA735.R5 R53 2008,Oversize Books,Book,Lost,,,,08-Nov-20,16-Sep
250,9910775213606241,33082010788650,City building : nine planning principles for the twenty-first century / John Lund Kriken with Philip Enquist and Richard Rapaport.,Kriken John Lund,NA737.S53 K75 2010,Oversize Books,Book,Lost,,,,08-Nov-20,16-Sep
251,998640543606241,33082009903385,"Spaces of global cultures : architecture, urbanism, identity / Anthony D. King.",King Anthony D,NA2543.G46 K55 2004,Oversize Books,Book,Lost,,,,20-Nov-20,30-Sep
252,994128143606241,33082006623895,"A preliminary report on a capital expenditure program and administrative policy and practice / [consultants, Harland Bartholomew and Associates].",Harland Bartholomew & Associates,NA9127.R5 H3 1944,Oversize Books,Book,Lost,,,,08-Nov-20,16-Sep
253,994128123606241,33082006623770,A preliminary report on a proposed civic center and the city's appearance ...,Harland Bartholomew & Associates,NA9127.R5 H32 1944,Oversize Books,Book,Lost,,,,08-Nov-20,16-Sep
254,994127983606241,33082006623903,A preliminary report on housing conditions and policies ...,Harland Bartholomew & Associates,NA9127.R5 H33 1943,Oversize Books,Book,Lost,,,,08-Nov-20,16-Sep
255,994127963606241,33082006623788,A preliminary report on land use and zoning ...,Harland Bartholomew & Associates,NA9127.R5 H34 1942,Oversize Books,Book,Lost,,,,08-Nov-20,16-Sep
256,994128103606241,33082006623663,"A preliminary report on parks and schools / [consultants, Harland Bartholomew and Associates].",Harland Bartholomew & Associates,NA9127.R5 H352 1944,Oversize Books,Book,Lost,,,,08-Nov-20,16-Sep
257,994127933606241,33082008173295,"A preliminary report on past, present and probable future population ...",Harland Bartholomew & Associates,NA9127.R5 H355 1941,Oversize Books,Book,Lost,,,,08-Nov-20,16-Sep
258,994127903606241,33082006623598,A preliminary report on the background and character of the city ...,Harland Bartholomew & Associates,NA9127.R5 H357 1941,Oversize Books,Book,Lost,,,,08-Nov-20,16-Sep
259,994128073606241,33082006623432,A preliminary report on transit facilities ...,Harland Bartholomew & Associates,NA9127.R5 H372 1944,Oversize Books,Book,Lost,,,,08-Nov-20,16-Sep
260,994128043606241,33082006623556,A preliminary report on transportation facilities ...,Harland Bartholomew & Associates,NA9127.R5 H375 1944,Oversize Books,Book,Lost,,,,08-Nov-20,16-Sep
261,994127873606241,33082006623424,The scope of the city plan ...,Harland Bartholomew & Associates,NA9127.R5 H38 1941,Oversize Books,Book,Lost,,,,08-Nov-20,16-Sep
262,996375143606241,33082007926826,Bridgman's complete guide to drawing from life / with drawings and text by George B. Bridgman ; edited by Howard Simon.,ridgman George Brant,NC760 .B825 2001,Oversize Books,Book,Lost,,,,03-Jan-21,14-Dec
263,993536853606241,33082004963889,The figure in action : anatomy for artists / Louise Gordon.,Gordon Louise,NC760 .G72 1989,Oversize Books,Book,Lost,,,,03-Jan-21,14-Dec
264,997526563606241,33082008656216,"Figure drawing : the structure, anatomy, and expressive design of human form / Nathan Goldstein ; foreword by Jack Beal.",Goldstein Nathan,NC765 .G64 2004,Oversize Books,Book,Lost,,,,03-Jan-21,14-Dec
265,9919382123606241,33082011946000,Arthur Dove. Always connect. Rachael Ziady DeLue.,DeLue Rachael Ziady,ND237.D67 D45 2016,Oversize Books,Book,Lost,,,,22-Dec-20,02-Dec
266,998729323606241,33082009918938,"Rocks : Franklin Carmichael, Arthur Lismer, and the Group of Seven / Joan Murray.",rray Joan,ND245.5.S4 M88 2006,Oversize Books,Book,Lost,,,,22-Dec-20,02-Dec
267,9915789563606241,33082011689469,Emily Carr collected / introduction by Ian Thom.,Carr Emily,ND249.C3 A4 2013,Oversize Books,Book,Lost,,,,22-Dec-20,02-Dec
268,997824023606241,33082008843764,Seven journeys : the sketchbooks of Emily Carr / Doris Shadbolt.,Shadbolt Doris,ND249.C3 S55 2002,Oversize Books,Book,Lost,,,,22-Dec-20,02-Dec
269,9915958853606241,33082011714911,Violence & virtue : Artemisia Gentileschi's Judith slaying Holofernes / Eve Straussman-Pflanzer.,Straussman-Pflanzer Eve,ND623.G364 A66 2013,Oversize Books,Book,Lost,,,,23-Jun-20,11-Jun
270,9915958583606241,33082011714408,"Art and appetite : American painting, culture, and cuisine / edited by Judith A. Barter ; with essays by Judith A. Barter, Annelise K. Madsen, Sarah Kelly Oehler, and Ellen E. Roberts.",arter Judith A,ND1460.F64 A66 2013,Oversize Books,Book,Lost,,,,08-Nov-20,16-Sep
271,998028923606241,33082008968181,Color : a course in mastering the art of mixing colors  / Betty Edwards.,Edwards Betty,ND1488 .E35 2004,Oversize Books,Book,Lost,,,,22-Dec-20,02-Dec
272,993058483606241,33082001327062,Winslow Homer watercolors / Helen A. Cooper.,Cooper Helen A,ND1839.H6 A4 1986,Oversize Books,Book,Lost,,,,22-Dec-20,02-Dec
273,995573423606241,33082005906689,Georgia O'Keeffe : Canyon suite / introd. by Barbara J. Bloemink.,O'Keeffe Georgia,ND1839.O5 A4 1995,Oversize Books,Book,Lost,,,,22-Dec-20,02-Dec
274,999755483606241,33082010084241,Cézanne's watercolors : between drawing and painting / Matthew Simms.,Simms Matthew Thomas,ND1950.C4 S56 2008,Oversize Books,Book,Lost,,,,22-Dec-20,02-Dec
275,994934393606241,33082006557523,"Scenic art for the theatre : history, tools, and techniques / Susan Crabtree and Peter Beudert.",Crabtree Susan,ND2885 .C73 1998,Oversize Books,Book,Lost,,,,07-Nov-20,16-Sep
276,99177903606241,33082007110371,In good hands : the women of the Canadian Handicrafts Guild / Ellen Easton McLeod.,Leod Ellen Mary Easton,NK841 .M344 1999,Oversize Books,Book,Lost,,,,22-Nov-20,01-Oct
277,998448593606241,33082008929571,"Sexuality and gender in early modern Europe : institutions, texts, images / edited by James Grantham Turner.",Turner James,NX180.F4 S488 1995,Oversize Books,Book,Lost,,,,08-Nov-20,16-Sep
278,998606073606241,33082009886408,Women artists at the millennium / edited by Carol Armstrong and Catherine de Zegher.,Armstrong Carol M,NX180.F4 W655 2006,Oversize Books,Book,Lost,,,,21-Dec-20,13-Nov
279,995890193606241,33082007543902,Visualizations : the nature book of art and science / Martin Kemp.,Kemp Martin,NX180.S3 K46 2000,Oversize Books,Book,Lost,,,,08-Nov-20,16-Sep
280,9924281523606241,33082012529615,"Straight talk about communication research methods / Christine S. Davis, Kenneth A. Lachlan, with contributor Robert Westerfelhaus.",Davis Christine S,P91 .D367 2017,Books,Book,Lost,,,,21-Nov-20,01-Oct
281,998525573606241,33082011441960,Beautiful evidence / Edward R. Tufte.,Tufte Edward R,P93.5 .T837 2006,Books,Book,Lost,,,,07-Dec-20,12-Nov
282,9925795713606241,33082012521562,"Meander, spiral, explode : design and pattern in narrative / Jane Alison.",Alison Jane,P302.7 .A515 2019,Books,Book,Lost,,,,22-Nov-20,01-Oct
283,998093313606241,33082010059599,A guide to ancient Greek drama / Ian C. Storey and Arlene Allan.,Storey Ian Christopher,PA3131 .S83 2005,Books,Book,Lost,,,,03-Jan-21,14-Dec
284,9915792233606241,33082011697942,"The court of comedy : Aristophanes, rhetoric, and democracy in fifth-century Athens / Wilfred E. Major.",ajor Wilfred E,PA3265 .M34 2013,Books,Book,Lost,,,,03-Jan-21,14-Dec
285,991888033606241,33082003842993,"The people of Aristophanes, a sociology of old Attic comedy.",Ehrenberg Victor,PA3879 .E5x,Books,Book,Lost,,,,03-Jan-21,14-Dec
286,994271033606241,33082006530934,The Georgics of Virgil : a critical survey / L.P. Wilkinson ; with a foreword and bibliography by Niall Rudd.,Wilkinson L P,PA6804.G4 W5 1997,Books,Book,Lost,,,,03-Jan-21,14-Dec
287,9916553343606241,33082011656401,Huellas de las literaturas hispanoamericanas / John F. Garganigo ... [and others].,Garganigo John F,PC4117 .H84 2002,Books,Book,Lost,,,,07-Nov-20,16-Sep
288,991160503606241,33082003609673,Soviet Socialist realism; origins and theory [by] C. Vaughan James.,James C V,PG3026.S58 J3,Books,Book,Lost,,,,28-Dec-20,08-Dec
289,995898273606241,33082006898737,Anna Karenina : a novel in eight parts / Leo Tolstoy ; translated by Richard Pevear and Larissa Volokhonsky.,Tolstoy Leo,PG3366 .A6 2001,Books,Book,Lost,,,,21-Dec-20,25-Jul
290,998474403606241,33082009480079,Novel with cocaine / M. Ageyev ; translated by Michael Henry Heim.,Agi͡eev M,PG3476.A3164 R613 1998,Books,Book,Lost,,,,08-Nov-20,16-Sep
291,995637243606241,33082006000433,The master & Margarita / Mikhail Bulgakov ; translated by Diana Burgin & Katherine Tiernan O'Connor ; annotations & afterword by Ellendea Proffer.,lgakov Mikhail,PG3476.B78 M313 1995,Books,Book,Lost,,,,23-Jun-20,17-Jun
292,997132043606241,33082008112749,Pushkin's children : writings on Russia and Russians / Tatyana Tolstaya ; translated by Jamey Gambrell ; [introduction by Alma Guillermoprieto].,Tolstai͡a Tatʹi͡ana,PG3476.T58 A24 2003,Books,Book,Lost,,,,08-Nov-20,16-Sep
293,997140893606241,33082008165911,The slynx / Tatyana Tolstaya ; translated by Jamey Gambrell.,Tolstai͡a Tatʹi͡ana,PG3476.T58 K9713 2003,Books,Book,Lost,,,,08-Nov-20,16-Sep
294,997690133606241,33082008838293,"Tantric treasures : three collections of mystical verse from Buddhist India / introduced, translated, and annotated by Roger R. Jackson.",Jackson Roger R,PK1428.T36 Z9 2004,Books,Book,Lost,,,,03-Jan-21,14-Dec
295,9923772983606241,33082012430020,Convenience store woman : a novel / Sayaka Murata ; translated from the Japanese by Ginny Tapley Takemori.,rata Sayaka,PL873.U73 C6613 2018,Books,Book,Lost,,,,21-Dec-20,09-Jan
296,992884903606241,33082003777199,The carnal prayer mat (Rou putuan) / Li Yu ; translated with an introduction and notes by Patrick Hanan.,Li Yu,PL2698.L52 J613 1990,Books,Book,Lost,,,,08-Nov-20,16-Sep
297,992996323606241,33082003363321,Decolonising the mind : the politics of language in African literature / Ng~ug~i wa Thiong'o.,Ngũgĩ wa Thiongʼo,PL8010 .N48 1986,Books,Book,Lost,,,,20-Dec-20,30-Nov
298,9926946193606241,33082012605894,"Character : three inquiries in literary studies / Amanda Anderson, Rita Felski, Toril Moi.",Anderson Amanda,PN56.4 .C48 2019,Books,Book,Lost,,,,21-Nov-20,01-Oct
299,991410953606241,33082000898972,Toward an aesthetic of reception / Hans Robert Jauss ; translation from German by Timothy Bahti ; introduction by Paul de Man.,Jauss Hans Robert,PN98.R38 J38 1982,Books,Book,Lost,,,,23-Jun-20,13-Feb
300,998260133606241,33082009341602,"The rhetorical tradition : readings from classical times to the present / edited by Patricia Bizzell, Bruce Herzberg.",zzell Patricia,PN183 .R46 2001,Books,Book,Lost,,,,08-Nov-20,16-Sep
301,999129163606241,33082010176484,"The world within : writers talk ambition, angst, aesthetics, bones, books, beautiful bodies, censorship, cheats, comics, darkness, democracy, death, exile, failure, guns, misery, muses, movies, old boys' network, Oprah, outcasts, sex, suicide, smoking, strippers, torture, Vietnam, VD, violence, and more.",Portland OR : Tin House Books,PN452 .W67 2007,Books,Book,Lost,,,,08-Nov-20,16-Sep
302,994270563606241,33082006578370,Aristotle's Poetics / translated and with a commentary by George Whalley ; edited by John Baxter and Patrick Atherton.,Whalley George,PN1040.A5 W45 1997,Books,Book,Lost,,,,03-Jan-21,14-Dec
303,998717243606241,33082009914358,The senses in performance / edited by Sally Banes and André Lepecki.,anes Sally,PN1584 .S46 2007,Books,Book,Lost,,,,03-Jan-21,14-Dec
304,994605383606241,33082005347173,The open door : thoughts on acting and theatre / Peter Brook.,rook Peter,PN1655 .B75 1993,Books,Book,Lost,,,,03-Jan-21,14-Dec
305,9912105953606241,33082011001590,Film in the Middle East and North Africa : creative dissidence / edited by Josef Gugler.,Gugler Josef,PN1993.5.M53 F55 2011,Books,Book,Lost,,,,22-Nov-20,01-Oct
306,9920644083606241,33082012363437,"The Spanish fantastic : contemporary filmmaking in horror, fantasy and sci-fi / Shelagh Rowan-Legg.",Rowan-Legg Shelagh M,PN1993.5.S7 R69 2016,Books,Book,Lost,,,,30-Dec-20,10-Dec
307,9916575743606241,33082011656617,Contemporary film theory / edited and introduced by Antony Easthope.,Easthope Antony,PN1995 .C634 1993,Books,Book,Lost,,,,03-Jan-21,14-Dec
308,9918015423606241,33082011929154,Embodied cognition and cinema / edited by Maarten Coëgnarts and Peter Kravanja ; with a foreword by Mark Johnson.,Coëgnarts Maarten,PN1995 .E628 2015,Books,Book,Lost,,,,22-Nov-20,01-Oct
309,9918039363606241,33082011914651,"Free radicals [videorecording] : a history of experimental film / Sacrebleu Productions presents ; written by Pip Chodorov, Lucy Allwood ; produced by Ron Dyens, Aurélia Prévieu ; a Pip Chodorov film.",Visual material By Chodorov Pip,PN1995.9.E96 F744 2012,DVDs,Other,Lost,,,,21-Nov-20,01-Oct
310,9921311683606241,33082012313911,"The magic box : the films of Shirley Clarke, 1929-1987 / producers, Dennis Doros and Amy Heller.",Visual material By Clarke Shirley,PN1995.9.E96 M34 2016,DVDs,Other,Lost,,,,21-Nov-20,01-Oct
311,999407933606241,33082010201571,Blade runner [videorecording] / a Ladd Company released in association with Sir Run Run Shaw thru Warner Bros. ; Jerry Perenchio and Bud Yorkin present a Michael Deeley-Ridley Scott production ; produced by Michael Deeley ; screenplay by Hampton Fancher and David Peoples ; directed by Ridley Scott.,Visual material By Fancher Hampton,PN1995.9.S26 B5335 2007,DVDs,Other,Lost,,,,27-Nov-20,08-Oct
312,996647243606241,33082010946787,Casino [videorecording]/ Universal Pictures and Syalis D.A. & Légende Entreprises present ; a De Fina/Cappa production ; screenplay by Nicholas Pileggi & Martin Scorsese ; produced by Barbara De Fina ; directed by Martin Scorsese.,Visual material By Scorsese Martin,PN1995.9.S87 C28 1998,DVDs,Other,Lost,,,,27-Nov-20,08-Oct
313,9913114793606241,33082010950110,"Boys don't cry [videorecording] / Fox Searchlight Pictures and the Independent Film Channel Productions present ; a Killer Films/Hart-Sharp Entertainment production ; written by Kimberly Peirce, Andy Bienen ; produced by Jeffrey Sharp ... [and others] ; directed by Kimberly Peirce.",Visual material By Peirce Kimberly,PN1997 .B69 2002,DVDs,Other,Lost,,,,25-Oct-20,03-Sep
314,997006453606241,33082007912693,"Iris [videorecording] / Miramax Films, BBC Films, Intermedia Films present a Mirage Enterprises, Robert Fox/Scott Rudin production of a Richard Eyre film ; producers, Robert Fox, Scott Rudin ; writers, Richard Eyre, Charles Wood ; director, Richard Eyre.",Visual material By Fox Robert,PN1997 .I7393 2002,DVDs,Other,Lost,,,,11-Dec-20,19-Nov
315,996424973606241,33082010951944,"Tierra [videorecording] = Earth / Sogetel S.A. ; Lolafilms S.A. ; en colaboración con Sogepaq, S.A. ; y en asociación con Canal+ ; productor, Fernando de Garcillán ; guión y direccion, Julio Medem.",Visual material By Medem Julio,PN1997.25 .T535 2000,DVDs,Other,Lost,,,,20-Dec-20,30-Nov
316,9913536373606241,33082010951795,"Vacas [videorecording] / Tanelorn Films presents a Sociedad General de Televisión (Sogetel) ; producers, Fernando de Garcillán y José Luis Olaizola ; written by Michel Gaztambide & Julio Medém ; directed by Julio Medém.",Visual material By Garcillán Fernando,PN1997.25 .V25 2011,DVDs,Other,Lost,,,,20-Dec-20,30-Nov
317,9910717713606241,33082010795523,"The secret art of the performer : a dictionary of theatre anthropology / Eugenio Barba, Nicola Savarese ; translated by Richard Fowler.",arba Eugenio,PN2041.A57 A5313 2005,Oversize Books,Book,Lost,,,,03-Jan-21,14-Dec
318,9925967243606241,33082012590922,Political dramaturgies and theatre spectatorship : provocations for change / Liz Tomlin.,Tomlin Liz,PN2049 .T62 2019,Books,Book,Lost,,,,22-Nov-20,01-Oct
319,99378123606241,33082005936934,Acting without agony : an alternative to the Method / Don Richardson ; with a foreword by Helen Hayes.,Richardson Don,PN2061 .R48 1994,Books,Book,Lost,,,,07-Nov-20,16-Sep
320,9912519233606241,33082010874971,The great acting teachers and their methods / by Richard Brestoff ; illustrations by Deborah Stevenson.,restoff Richard,PN2075 .B674 1995,Books,Book,Lost,v. 2,,,21-Nov-20,01-Oct
321,9912519233606241,33082011060505,The great acting teachers and their methods / by Richard Brestoff ; illustrations by Deborah Stevenson.,restoff Richard,PN2075 .B674 1995,Books,Book,Lost,v. 1,,,21-Nov-20,01-Oct
322,9922762023606241,33082012447156,Latinx theater in the times of neoliberalism / Patricia A. Ybarra.,Ybarra Patricia A,PN2270.H57 Y37 2018,Books,Book,Lost,,,,22-Nov-20,01-Oct
323,9924900193606241,33082012545991,Describing the unobserved and other essays : unspeakable sentences after unspeakable sentences / by Ann Banfield ; edited with introduction and notes by Sylvie Patron.,anfield Ann,PN3383.F74 B36 2019,Books,Book,Lost,,,,23-Jun-20,30-Jul
324,992688013606241,33082004775747,The Romance of Merlin ; an anthology / edited by Peter Goodrich.,Goodrich Peter,PN6071.M46 R66 1990,Books,Book,Lost,,,,21-Dec-20,02-Jan
325,998785403606241,33082009951137,Crosscurrents : transatlantic perspectives on early modern Hispanic drama / edited by Mindy Badía and Bonnie L. Gasior.,adía Mindy,PQ7082.D7 C76 2006,Books,Book,Lost,,,,21-Nov-20,01-Oct
326,994452663606241,33082006565799,Sultry moon / by Mempo Giardinelli ; translated from the Spanish by Patricia J. Duncan.,Giardinelli Mempo,PQ7798.17.I277 L8613 1998,Books,Book,Lost,,,,21-Dec-20,10-Jan
327,994517733606241,33082006620115,"Fallenness in Victorian women's writing : marry, stitch, die, or do worse / Deborah Anna Logan.",Logan Deborah Anna,PR115 .L64 1998,Books,Book,Lost,,,,22-Nov-20,01-Oct
328,995899713606241,33082007543217,A study of Merlin in English literature from the Middle Ages to the present day / Christopher Dean.,Dean Christopher,PR408.M47 D4 1992,Books,Book,Lost,,,,21-Dec-20,02-Jan
329,9922922053606241,33082012281282,"A midsummer night's dream : an authoritative text, sources, criticism, adaptations / William Shakespeare ; edited by Grace Ioppolo.",Shakespeare William,PR2827.A2 I6 2018,Books,Book,Lost,,,,08-Nov-20,16-Sep
330,994211853606241,33082004728076,"Shakespearean tragedy; Hamlet, Othello, King Lear, Macbeth.",radley A C,PR2983 .B7 1967,Books,Book,Lost,,,,21-Dec-20,29-Jul
331,992646093606241,33082001199966,"Selected letters, 1796-1817 / Jane Austen ; edited by R.W. Chapman ; with an introduction by Marilyn Butler.",Austen Jane,PR4036 .A4 1985,Books,Book,Lost,,,,21-Dec-20,19-Mar
332,991727963606241,33082003788840,"Jane Austen and her times, by G. E. Mitton. With twenty-one illustrations.",tton G E,PR4036 .M5,Books,Book,Lost,,,,21-Dec-20,19-Mar
333,991589243606241,33082000937630,"Jane Austen, feminism and fiction / Margaret Kirkham.",Kirkham Margaret,PR4038.F44 K57 1983,Books,Book,Lost,,,,08-Nov-20,16-Sep
334,993517163606241,33082004952577,"Alice's adventures in Wonderland and Through the looking glass : nonsense, sense, and meaning / Donald Rackin.",Rackin Donald,PR4611.A73 R34 1991,Books,Book,Lost,,,,08-Nov-20,16-Sep
335,991060253606241,33082006193949,"Murdering to dissect : grave-robbing, Frankenstein and the anatomy literature / Tim Marshall.",arshall Tim,PR5397.F73 M35 1995,Books,Book,Lost,,,,21-Nov-20,01-Oct
336,994465533606241,33082005262984,Rebecca / Daphne du Maurier.,Du Maurier Daphne,PR6007.U47 R43 1993,Books,Book,Lost,,,,08-Nov-20,16-Sep
337,994300103606241,33082006493000,"Howards End : authoritative text, textual appendix, backgrounds and contexts, criticism / E.M. Forster ; edited by Paul B. Armstrong.",Forster E M,PR6011.O58 H6 1998,Books,Book,Lost,,,,08-Nov-20,16-Sep
338,991654763606241,33082000952514,Selected plays of Lennox Robinson / chosen and with an introduction by Christopher Murray.,Robinson Lennox,PR6035.O56 A6 1982,Books,Book,Lost,,,,08-Nov-20,16-Sep
339,9914661263606241,33082011484374,"The hobbit, or, There and back again / J.R.R. Tolkien.",Tolkien J R R,PR6039.O32 H6 2012,Books,Book,Lost,,,,08-Nov-20,16-Sep
340,993252493606241,33082001398857,The handmaid's tale / Margaret Atwood.,Atwood Margaret,PR9199.3.A8 H3 1986,Books,Book,Lost,,,,14-Dec-20,24-Nov
341,9910252683606241,33082010309580,"Things fall apart : authoritative text, contexts and criticism / Chinua Achebe ; edited by Francis Abiola Irele.",Achebe Chinua,PR9387.9.A3 T5 2009,Books,Book,Lost,,,,29-Dec-20,09-Dec
342,9917745643606241,33082011915344,Apocalyptic sentimentalism : love and fear in U.S. antebellum literature / Kevin Pelletier.,Pelletier Kevin,PS217.S55 P45 2015,Books,Book,Lost,,,,06-Dec-20,10-Nov
343,9918076973606241,33082012000344,"Writing our way out : memoirs from jail / David Coogan wih Kelvin Belton, Karl Black, Stanley Craddock, Ronald Fountain, Bradley Greene, Tony Martin, Naji Mujahid, Terence Scruggs, Andre Simpson, [and] Dean Turner.",Coogan David,PS508.P7 W755 2016,Books,Book,Lost,,,,06-Dec-20,19-Oct
344,9910686653606241,33082010408408,Satellite convulsions : poems from Tin house.,Portland Or : Berkeley CA : Tin House Books,PS617 .S28 2008,Books,Book,Lost,,,,08-Nov-20,16-Sep
345,995044013606241,33082002224052,Futurelove : a science fiction triad / introd. by Gordon R. Dickson.,Dickson Gordon R,PS648.S3 F8x,Books,Book,Lost,,,,07-Dec-20,12-Nov
346,9911982853606241,33082010937513,"McSweeney's 23 : still going strong like Castro / editor, Dave Eggers.",Eggers Dave,PS648.S5 M78 no. 23,Books,Book,Lost,,,,22-Nov-20,01-Oct
347,993446213606241,33082000874601,"Thinking of home : William Faulkner's letters to his mother and father, 1918-1925 / edited by James G. Watson.",Faulkner William,PS3511.A86 Z48 1992,Books,Book,Lost,,,,21-Dec-20,19-Mar
348,993739513606241,33082001592640,"On the prejudices, predilections, and firm beliefs of William Faulkner : essays / by Cleanth Brooks.",rooks Cleanth,PS3511.A86 Z6384 1987,Books,Book,Lost,,,,21-Dec-20,19-Mar
349,998816363606241,33082010099363,William Faulkner / Carolyn Porter.,Porter Carolyn,PS3511.A86 Z946387 2007,Books,Book,Lost,,,,21-Dec-20,19-Mar
350,994531583606241,33082005371546,Faulkner and southern womanhood / Diane Roberts.,Roberts Diane,PS3511.A86 Z9614 1994,Books,Book,Lost,,,,21-Dec-20,19-Mar
351,99260443606241,33082003274742,William Faulkner: from Jefferson to the world.,Waggoner Hyatt Howe,PS3511.A86 Z985,Books,Book,Lost,,,,21-Dec-20,19-Mar
352,994249593606241,33082001827178,"The Basil and Josephine stories, by F. Scott Fitzgerald. Edited with an introd. by Jackson R. Bryer and John Kuehl.",Fitzgerald F Scott,PS3511.I9 B3x,Books,Book,Lost,,,,08-Nov-20,16-Sep
353,992722483606241,33082001221562,The old man and the sea / by Ernest Hemingway.,Hemingway Ernest,PS3515.E37 O4 1952b,Books,Book,Lost,,,,24-Dec-20,03-Dec
354,994331313606241,33082009827030,"Pale horse, pale rider : three short novels / Katherine Anne Porter.",Porter Katherine Anne,PS3531.O752 P3 1964,Books,Book,Lost,,,,08-Nov-20,16-Sep
355,9923786363606241,33082012427042,Atlas shrugged / Ayn Rand.,Rand Ayn,PS3535.A547 A94 2005,Books,Book,Lost,,,,08-Nov-20,16-Sep
356,997690853606241,33082008776428,The annotated Charlotte's web / introduction and notes by Peter F. Neumeyer. Charlotte's web ; by E.B. White ; pictures by Garth Williams.,Neumeyer Peter F,PS3545.H5187 C536 1994,Books,Book,Lost,,,,08-Nov-20,16-Sep
357,9917814493606241,33082011824652,The sellout : a novel / Paul Beatty.,eatty Paul,PS3552.E19 S45 2015,Books,Book,Lost,,,,03-Jan-21,14-Dec
358,99106953606241,33082006020662,Mahabharata / by William Buck ; with an introduction by B.A. van Nooten ; illustrated by Shirley Triest.,k William,PS3552.U335 M3 1981,Books,Book,Lost,,,,08-Nov-20,16-Sep
359,9917816453606241,33082011966206,Loitering : new & collected essays / Charles D'Ambrosio.,D'Ambrosio Charles,PS3554.A469 A6 2014,Books,Book,Lost,,,,08-Nov-20,16-Sep
360,998968743606241,33082011865044,The brief wondrous life of Oscar Wao / Junot Díaz.,Díaz Junot,PS3554.I259 B75 2007,Books,Book,Lost,,,,08-Nov-20,16-Sep
361,9918890013606241,33082011962932,How to be drawn / Terrance Hayes.,Hayes Terrance,PS3558.A8378 A6 2015,Books,Book,Lost,,,,06-Dec-20,05-Nov
362,9923954973606241,33082012430764,American sonnets for my past and future assassin / Terrance Hayes.,Hayes Terrance,PS3558.A8378 A6 2018,Books,Book,Lost,,,,06-Dec-20,05-Nov
363,994420673606241,33082005249221,Negrophobia : an urban parable / Darius James.,James Darius,PS3560.A37887 N4 1993,Books,Book,Lost,,,,08-Nov-20,16-Sep
364,9916474403606241,33082011440566,Doctor Sleep : a novel / Stephen King.,King Stephen,PS3561.I483 D63 2013,Books,Book,Lost,,,,28-Oct-20,07-Sep
365,994566683606241,33082005351761,Oleanna / David Mamet.,amet David,PS3563.A4345 O4 1993,Books,Book,Lost,,,,04-Dec-20,14-Oct
366,998639923606241,33082009417584,The road / Cormac McCarthy.,Carthy Cormac,PS3563.C337 R63 2006,Books,Book,Lost,,,,08-Nov-20,16-Sep
367,992227563606241,33082002163219,William Styron's Sophie's choice : crime and self-punishment / by Rhoda Sirlin ; with a foreword by William Styron.,Sirlin Rhoda,PS3569.T9 S6737 1990,Books,Book,Lost,,,,21-Aug-20,30-Jun
368,9913558023606241,33082011093225,"Novels & stories 1950-1962 / Kurt Vonnegut ; Sidney Offit, editor.",Vonnegut Kurt,PS3572.O5 A6 2012,Books,Book,Lost,,,,08-Nov-20,16-Sep
369,993965023606241,33082006392541,Timequake / Kurt Vonnegut.,Vonnegut Kurt,PS3572.O5 T56 1997,Books,Book,Lost,,,,07-Nov-20,16-Sep
370,993772593606241,33082001605483,Conversations with Kurt Vonnegut / edited by William Rodney Allen.,Vonnegut Kurt,PS3572.O5 Z463 1988,Books,Book,Lost,,,,07-Nov-20,16-Sep
371,9914051233606241,33082011529442,Kurt Vonnegut : letters / edited and with an introduction by Dan Wakefield.,Vonnegut Kurt,PS3572.O5 Z48 2012,Books,Book,Lost,,,,07-Nov-20,16-Sep
372,9911646663606241,33082010927175,The windup girl / Paolo Bacigalupi.,acigalupi Paolo,PS3602.A3473 W56 2009,Books,Book,Lost,,,,21-Nov-20,01-Oct
373,9923716753606241,33082012466479,Here I am : a novel / Jonathan Safran Foer.,Foer Jonathan Safran,PS3606.O38 H47 2017,Books,Book,Lost,,,,08-Nov-20,16-Sep
374,9924751083606241,33082012540851,The river : a novel / by Peter Heller.,Heller Peter,PS3608.E454 R58 2019,Books,Book,Lost,,,,21-Nov-20,01-Oct
375,9922924473606241,33082012452032,"A doll's house, part 2 / by Lucas Hnath.",Hnath Lucas,PS3608.N38 D65 2017,Books,Manuscript,Lost,,,,14-Dec-20,24-Nov
376,9916252073606241,33082011724639,The compleat purge / Trisha Low.,Low Trisha,PS3612.O88 C66 2013,Books,Book,Lost,,,,08-Nov-20,16-Sep
377,9910755193606241,33082010794831,Call it what you want / Keith Lee Morris.,orris Keith Lee,PS3613.O7735 C36 2010,Books,Book,Lost,,,,08-Nov-20,16-Sep
378,9917814533606241,33082011824538,The sympathizer / Viet Thanh Nguyen.,Nguyen Viet Thanh,PS3614.G97 S96 2015,Books,Book,Lost,,,,29-Dec-20,09-Dec
379,9921175623606241,33082012407051,There are more beautiful things than Beyoncé / Morgan Parker.,Parker Morgan,PS3616.A74547 A6 2017,Books,Book,Lost,,,,08-Nov-20,16-Sep
380,9926382693606241,33082012594023,Doomstead days / Brian Teare.,Teare Brian,PS3620.E427 D66 2019,Books,Book,Lost,,,,22-Dec-20,02-Dec
381,993607263606241,33082001543304,Otherwise known as Sheila the Great.,lume Judy,PZ7.B6265 Ot,Oversize Books,Book,Lost,,,,08-Nov-20,16-Sep
382,998340063606241,33082009408872,Diary of a worm / by Doreen Cronin ; pictures by Harry Bliss.,Cronin Doreen,PZ7.C88135 Di 2003,Oversize Books,Book,Lost,,,,08-Nov-20,16-Sep
383,9912366723606241,33082011028759,A long walk to water : based on a true story / a novel by Linda Sue Park.,Park Linda Sue,PZ7.P22115 Lo 2010,Oversize Books,Book,Lost,,,,23-Jun-20,14-Jan
384,9915359353606241,33082011613717,Dork diaries : tales from a not-so-fabulous life / Rachel Renée Russell.,Russell Rachel Renée,PZ7.R915935 Dor 2009,Oversize Books,Book,Lost,,,,21-Dec-20,15-May
385,991188083606241,33082007315327,The Queen of Attolia / by Megan Whalen Turner.,Turner Megan Whalen,PZ7.T85565 Qu 2000,Oversize Books,Book,Lost,,,,29-Dec-20,09-Dec
386,9918110093606241,33082012296520,"Everything, everything / Nicola Yoon ; illustrations by David Yoon.",Yoon Nicola,PZ7.1.Y66 Ev 2015,Oversize Books,Book,Lost,,,,07-Nov-20,16-Sep
387,99199213606241,33082003249793,"The lion, the witch and the wardrobe; a story for children. Illustrated by Pauline Baynes.",Lewis C S,PZ8.L48 Li,Oversize Books,Book,Lost,,,,07-Nov-20,16-Sep
388,9915633606241,33082006679731,"The Lorax, by Dr. Seuss.",Seuss,PZ8.3.G276 Lo,Oversize Books,Book,Lost,,,,08-Nov-20,16-Sep
389,997471593606241,33082008709072,The man who walked between the towers / Mordicai Gerstein.,Gerstein Mordicai,PZ9.5.P44 G47 2003,Oversize Books,Book,Lost,,,,08-Nov-20,16-Sep
390,995483603606241,33082003087649,"The unexpected universe, by Loren Eiseley.",Eiseley Loren C,Q171 .E39 1969,Books,Book,Lost,,,,03-Jan-21,14-Dec
391,9921187353606241,33082012325543,"The elements of statistical learning : data mining, inference, and prediction / Trevor Hastie, Robert Tibshirani, Jerome Friedman.",Hastie Trevor,Q325.75 .H37 2009,Books,Book,Lost,,,1.0,23-Jun-20,16-Jun
392,9922515083606241,33082012420039,Becoming Steve Jobs : the evolution of a reckless upstart into a visionary leader / Brent Schlender and Rick Tetzeli.,Schlender Brent,QA76.2.J63 S35 2016,Books,Book,Lost,,,,08-Nov-20,16-Sep
393,9924789953606241,33082012539382,Python basics : a self-teaching introduction / H. Bhasin.,hasin Harsh,QA76.73.P98 B43 2019,Books,Book,Lost,,,,07-Dec-20,12-Nov
394,993052463606241,33082003249108,Graphs and their uses / by Oysten Ore.,Ore Øystein,QA90 .O64 1990,Books,Book,Lost,,,,07-Dec-20,12-Nov
395,993386933606241,33082001711323,Envisioning information / Edward R. Tufte.,Tufte Edward R  : Graphics Press c,QA90 .T8 1990,Books,Book,Lost,,,,07-Dec-20,12-Nov
396,9917119663606241,33082011794830,Linear algebra done right / Sheldon Axler.,Axler Sheldon Jay,QA184 .A96 2015,Books,Book,Lost,,,,21-Dec-20,17-Dec
397,9917364413606241,33082012341235,"An introduction to statistical learning : with applications in R / Gareth James, Daniela Witten, Trevor Hastie, Robert Tibshirani.",James Gareth,QA276 .I585 2013,Books,Book,Lost,,,1.0,22-Nov-20,01-Oct
398,991857563606241,33082000996818,The visual display of quantitative information / Edward R. Tufte.,Tufte Edward R  : Graphics Press c,QA276.3 .T8x,Books,Book,Lost,,,,06-Dec-20,09-Nov
399,9914762493606241,33082011568259,"The R book / Michael J. Crawley, Imperial college London at Silwood Park, UK.",Crawley Michael J,QA276.45.R3 C73 2013,Books,Book,Lost,,,,21-Dec-20,13-Aug
400,9914096963606241,33082011540423,The R primer / Claus Thorn Ekstrøm.,Ekstrøm Claus Thorn,QA276.45.R3 E37 2012,Books,Book,Lost,,,,21-Dec-20,13-Aug
401,9921187043606241,33082012378377,"Bayesian nonparametric data analysis / Peter Müller, Fernando Andréa Quintana, Alejandro Jara, Tim Hanson.",̈ller Peter,QA279.5 .B3888 2015,Books,Book,Lost,,,,22-Nov-20,01-Oct
402,993857193606241,33082001641926,A course of pure mathematics.,Hardy G H,QA303 .H24 1952,Books,Book,Lost,,,,21-Dec-20,17-Dec
403,992800783606241,33082003942033,Planets beyond : discovering the outer solar system / Mark Littmann.,Littmann Mark,QB681 .L58 1988,Books,Book,Lost,,,,08-Nov-20,16-Sep
404,9920285733606241,33082012375134,"The quantum handshake : entanglement, nonlocality and transactions / John G. Cramer.",Cramer John,QC174.12 .C73 2016,Books,Book,Lost,,,,29-Dec-20,09-Dec
405,9922875583606241,33082012453196,Physics from symmetry / Jakob Schwichtenberg.,Schwichtenberg Jakob,QC174.17.S9 S39 2018,Books,ELEC,Lost,,,,29-Dec-20,09-Dec
406,9924661523606241,33082012551577,"Chemistry : atoms first / Julia Burdge, College of Western Idaho, Jason Overby, College of Charleston.",rdge Julia,QD31.3 .B87 2018,Books,Book,Lost,,,,22-Nov-20,01-Oct
407,9917366493606241,33082011801403,"Molecular biology of the gene / James D. Watson, Cold Spring Harbor Laboratory, Tania A. Baker, Massachusetts Institute of Technology, Stephen P. Bell, Massachusetts Institute of Technology, Alexander Gann, Cold Spring Harbor Laboratory, Michael Levine, University of California, Berkeley, Richard Losik, Harvard University.",Watson James D,QH506 .M6627 2014,Books,Book,Lost,,,,22-Nov-20,01-Oct
408,9921420003606241,33082012392667,"Biological timekeeping : clocks, rhythms and behaviour / Vinod Kumar, editor.",Kumar Vinod,QH527 .B54 2017,Books,Book,Lost,,,,22-Nov-20,01-Oct
409,991799553606241,33082000983907,The Garden of Eden : the botanic garden and the re-creation of paradise / John Prest.,Prest John M,QK73.E85 P73 1981,Books,Book,Lost,,,,03-Jan-21,14-Dec
410,9926948733606241,33082012571658,"Animaladies : gender, animals, and madness / edited by Lori Gruen and Fiona Probyn-Rapsey.",Gruen Lori,QL85 .A5213 2019,Books,Book,Lost,,,,07-Nov-20,16-Sep
411,998025743606241,33082008960030,Nature's body : gender in the making of modern science / Londa Schiebinger.,Schiebinger Londa L,QP81.5 .S35 2004,Books,Book,Lost,,,,08-Nov-20,16-Sep
412,993747383606241,33082006361249,The body's edge : our cultural obsession with skin / Marc Lappe.,Lappé Marc,QP88.5 .L37 1996,Books,Book,Lost,,,,08-Nov-20,16-Sep
413,9922924003606241,33082012453758,"Neuroscience : exploring the brain / Mark F. Bear, Ph. D., Picower Professor of Neuroscience, the Picower Insititute for Learning and Memory, Department of Brain and Cognitive Sciences, Massachusetts Insitute of Technology, Cambridge, Massachusetts, Barry W. Connors, Ph. D., L. Herbert Ballou University Professor, Professor of Neuroscience and Chair, Department of Neuroscience, Brown University, Providence, Rhode Island, Michael A. Paradiso, Ph. D., Sidney A. Fox and Dorothea Doctors Fox Professor of Ophthalmology and Visual Science, Department of Neuroscience, Brown University, Providence, Rhode Island.",ear Mark F,QP355.2 .B42 2016,Books,Book,Lost,,,,05-Oct-20,28-Feb
414,9913122933606241,33082011110862,"Educational neuroscience / David A. Sousa, editor.",Sousa David A,QP408 .E34 2011,Books,Book,Lost,,,,21-Dec-20,20-Nov
415,993925413606241,33082006417306,The measurement of sensation / Donald Laming.,Laming D R J,QP435 .L34 1997,Books,Book,Lost,,,,21-Dec-20,01-Jun
416,997850393606241,33082008950957,Chemistry and biology of Hyaluronan / edited by Hari G. Garg and Charles A. Hales.,Garg Hari G,QP702.H8 C44 2004,Books,Book,Lost,,,,21-Nov-20,01-Oct
417,9918031703606241,33082011937546,"Black man in a white coat : a doctor's reflections on race and medicine / Damon Tweedy, M.D.",Tweedy Damon,R154.T84 A3 2015,Books,Book,Lost,,,,12-Nov-20,22-Sep
418,992692793606241,33082001213775,"Doctors and slaves : a medical and demographic history of slavery in the British West Indies, 1680-1834 / Richard B. Sheridan.",Sheridan Richard B,R475.W47 S48 1985,Books,Book,Lost,,,,21-Dec-20,23-Apr
419,996709133606241,33082008073545,Chinese magical medicine / Michel Strickmann ; edited by Bernard Faure.,Strickmann Michel,R602 .S83 2002,Books,Book,Lost,,,,03-Jan-21,14-Dec
420,992698243606241,33082001926541,Sexual visions : images of gender in science and medicine between the eighteenth and twentieth centuries / Ludmilla Jordanova.,Jordanova L J,R723 .J628 1989,Books,Book,Lost,,,,08-Nov-20,16-Sep
421,9916788013606241,33082011777223,Being mortal : medicine and what matters in the end / Atul Gawande.,Gawande Atul,R726.8 .G39 2014,Books,Book,Lost,,,,08-Nov-20,16-Sep
422,9910687193606241,33082010408648,The checklist manifesto : how to get things right / Atul Gawande.,Gawande Atul,RA399.A1 G39 2010,Books,Book,Lost,,,,08-Nov-20,16-Sep
423,9924789943606241,33082012542402,"Public health 101 : improving community health / Richard Riegelman, Brenda Kirkwood.",Riegelman Richard K,RA425 .R54 2019,Books,Book,Lost,,,,22-Nov-20,01-Oct
424,9918663383606241,33082011959904,"A body, undone : living on after great pain / Christina Crosby.",Crosby Christina,RC406.Q33 C76 2016,Books,Book,Lost,,,,23-Jun-20,01-Oct
425,9917372323606241,33082011802617,Contemporary behavior therapy / Michael D. Spiegler.,Spiegler Michael D,RC489.B4 S68 2016,Books,Book,Lost,,,,22-Nov-20,01-Oct
426,998509233606241,33082009496695,"Bone, breath & gesture : practices of embodiment / edited by Don Hanlon Johnson.",Johnson Don,RC489.M53 B66 1995,Books,Book,Lost,,,,03-Jan-21,14-Dec
427,9918849933606241,33082011960043,"The body keeps the score : brain, mind, and body in the healing of trauma / Bessel A. van der Kolk, M.D.",Van der Kolk Bessel A,RC552.P67 V358 2015,Books,Book,Lost,,,,21-Nov-20,01-Oct
428,9916809823606241,33082011775748,Blood work : a tale of medicine and murder in the scientific revolution / Holly Tucker.,Tucker Holly,RM171 .T787 2012,Books,Book,Lost,,,,08-Nov-20,16-Sep
429,9915802023606241,33082011702486,"Intuitive eating / Evelyn Tribole, Elyse Resch.",Tribole Evelyn,RM222.2 .T717 2012,Books,Book,Lost,,,,22-Nov-20,01-Oct
430,9916827723606241,33082011808309,Concise computer vision : an introduction into theory and algorithms / Reinhard Klette.,Klette Reinhard,TA1634 .K54 2014,Books,Book,Lost,,,,22-Nov-20,01-Oct
431,994397423606241,33082006570823,The nature of photographs / Stephen Shore.,Shore Stephen,TR179 .S56 1998,Oversize Books,Book,Lost,,,,22-Dec-20,02-Dec
432,994453593606241,33082006613904,"Visions of modernity : representation, memory, time and space in the age of the camera / Scott McQuire.",Quire Scott,TR183 .M8 1998,Oversize Books,Book,Lost,,,,21-Nov-20,01-Oct
433,993080203606241,33082004873526,On photography / Susan Sontag.,Sontag Susan,TR183 .S65 1990,Oversize Books,Book,Lost,,,,22-Dec-20,02-Dec
434,9910328133606241,33082010379971,Fashionable clothing from the Sears catalogs : late 1950s / Joy Shih.,Shih Joy,TT555 .S55 1997,Books,Book,Lost,,,,07-Nov-20,16-Sep
435,9910328173606241,33082010380037,Fashionable clothing from the Sears catalogs : mid 1950s / Tina Skinner.,Skinner Tina,TT555 .S55 2002,Books,Book,Lost,,,,07-Nov-20,16-Sep
436,9910328073606241,33082010381969,Fashionable clothing from the Sears catalogs : early 1950s / Desire Smith.,Smith Desire,TT555 .S62 1998,Books,Book,Lost,,,,08-Nov-20,16-Sep
437,994068643606241,33082005175913,Venetian ships and shipbuilders of the Renaissance / by Frederic Chapin Lane.,Lane Frederic Chapin,VM80.V4 L3 1992,Books,Book,Lost,,,,21-Dec-20,16-May
438,994685703606241,33082006800527,"Readers and writers in Cuba : a social history of print culture, 1830s-1990s / Pamela Maria Smorkaloff.",Smorkaloff Pamela María,Z515.3.C9 S6613 1997,Books,Book,Lost,,,,22-Nov-20,01-Oct
439,9924930673606241,33082012489901,Fire & Blood: 300 Years Before a Game of Thrones (a Targaryen History),artin George R R,F,Recreational Reading,Book,Lost,,,,21-Dec-20,02-Jan
440,9919460473606241,33082012284047,Caged in Winter,Walsh Brighton,F,Recreational Reading,Book,Lost,,,,07-Nov-20,16-Sep
441,9924929003606241,33082012492483,Death of a She Devil,Weldon Fay,F,Recreational Reading,Book,Lost,,,,07-Nov-20,16-Sep
442,9911598563606241,33082010926482,Killer instinct / Zoë Sharp.,Sharp Zoë,M,Recreational Reading,Book,Lost,,,,21-Dec-20,04-Jan
443,9918118073606241,33082011885943,By the Book: Writers on Literature and the Literary Life from the New York Times Book Review,Paul Pamela,N,Recreational Reading,Book,Lost,,,,23-Jun-20,04-Feb
444,999363343606241,33082010194065,FDR [sound recording] / by Jean Edward Smith.,Smith Jean Edward,N,Recreational Reading,Sound Recording,Lost,,,,21-Dec-20,03-Feb
445,9924928363606241,33082012290283,Becoming,Obama Michelle,N,Recreational Reading,Book,Lost,,,,21-Dec-20,02-Jan
